Workbook

Sheet CMG-PDO
A1: Fecha | B1: Hora | C1: Santa Rosa | D1: Trujillo | E1: Socabaya | F1: Campo Armiño
A2: 46049 | B2: 0.020833333 | C2: 29.4812 | D2: 30.2909 | E2: 31.6324 | F2: 27.831
A3: 46049 | B3: 0.041666667 | C3: 36.2344 | D3: 34.5705 | E3: 39.0389 | F3: 34.6662
A4: 46049 | B4: 0.0625 | C4: 29.6024 | D4: 30.3302 | E4: 31.7322 | F4: 27.9677
A5: 46049 | B5: 0.083333333 | C5: 29.3446 | D5: 30.0538 | E5: 31.4763 | F5: 27.7464
A6: 46049 | B6: 0.10416667 | C6: 23.722 | D6: 24.2775 | E6: 25.3849 | F6: 22.4376
A7: 46049 | B7: 0.125 | C7: 24.6024 | D7: 25.1689 | E7: 26.3647 | F7: 23.2804
A8: 46049 | B8: 0.14583333 | C8: 23.6809 | D8: 24.2108 | E8: 25.3742 | F8: 22.4148
A9: 46049 | B9: 0.16666667 | C9: 23.6818 | D9: 24.2062 | E9: 25.3967 | F9: 22.4192
A10: 46049 | B10: 0.1875 | C10: 23.6797 | D10: 24.205 | E10: 25.4255 | F10: 22.4174
A11: 46049 | B11: 0.20833333 | C11: 23.6793 | D11: 24.208 | E11: 25.3923 | F11: 22.4078
A12: 46049 | B12: 0.22916667 | C12: 36.0288 | D12: 36.9227 | E12: 38.7095 | F12: 34.083
A13: 46049 | B13: 0.25 | C13: 25.3252 | D13: 25.9608 | E13: 27.1055 | F13: 23.9571
... A50: 46050 | B50: 0.020833333 | C50: 29.5097 | D50: 30.3992 | E50: 31.4036 | F50: 27.763
A51: 46050 | B51: =+B50+1/48 -> 0.041666667 | C51: 36.5405 | D51: 37.5734 | E51: 38.9407 | F51: 34.3588
A52: 46050 | B52: =+B51+1/48 -> 0.0625 | C52: 29.5576 | D52: 30.4749 | E52: 31.456 | F52: 27.8278
A53: 46050 | B53: =+B52+1/48 -> 0.083333333 | C53: 24.5926 | D53: 25.3003 | E53: 26.1488 | F53: 23.1506
A54: 46050 | B54: =+B53+1/48 -> 0.10416667 | C54: 24.5829 | D54: 25.2837 | E54: 26.1449 | F54: 23.1462
A55: 46050 | B55: =+B54+1/48 -> 0.125 | C55: 24.5748 | D55: 25.2545 | E55: 26.1709 | F55: 23.1414
A56: 46050 | B56: =+B55+1/48 -> 0.14583333 | C56: 24.5773 | D56: 25.2462 | E56: 26.1475 | F56: 23.1363
A57: 46050 | B57: =+B56+1/48 -> 0.16666667 | C57: 24.5814 | D57: 25.2634 | E57: 26.1657 | F57: 23.1429
A58: 46050 | B58: =+B57+1/48 -> 0.1875 | C58: 24.5901 | D58: 25.2608 | E58: 26.2236 | F58: 23.1634
A59: 46050 | B59: =+B58+1/48 -> 0.20833333 | C59: 24.6056 | D59: 25.2977 | E59: 26.2461 | F59: 23.1797
A60: 46050 | B60: =+B59+1/48 -> 0.22916667 | C60: 29.7008 | D60: 30.6244 | E60: 31.698 | F60: 27.9512
A61: 46050 | B61: =+B60+1/48 -> 0.25 | C61: 28.6629 | D61: 29.5723 | E61: 30.5083 | F61: 26.9796
A62: 46050 | B62: =+B61+1/48 -> 0.27083333 | C62: 24.5974 | D62: 25.3844 | E62: 26.0748 | F62: 23.1383
... A97: 46050 | B97: =+B96+1/48 -> 1 | C97: 29.9643 | D97: 31.0952 | E97: 32.0371 | F97: 28.249
A98: =+A50+1 -> 46051 | B98: =+B97+1/48 -> 1.0208333 | C98: 32.5711 | D98: 33.6979 | E98: 34.1263 | F98: 31.0566
A99: =+A51+1 -> 46051 | B99: =+B98+1/48 -> 1.0416667 | C99: 32.7116 | D99: 33.7798 | E99: 34.2759 | F99: 31.1922
A100: =+A52+1 -> 46051 | B100: =+B99+1/48 -> 1.0625 | C100: 32.5513 | D100: 33.557 | E100: 34.0792 | F100: 31.0354
A101: =+A53+1 -> 46051 | B101: =+B100+1/48 -> 1.0833333 | C101: 32.4999 | D101: 33.583 | E101: 34.0022 | F101: 30.9922
A102: =+A54+1 -> 46051 | B102: =+B101+1/48 -> 1.1041667 | C102: 25.3637 | D102: 26.194 | E102: 26.5335 | F102: 24.1952
A103: =+A55+1 -> 46051 | B103: =+B102+1/48 -> 1.125 | C103: 25.3626 | D103: 26.1814 | E103: 26.546 | F103: 24.1974
A104: =+A56+1 -> 46051 | B104: =+B103+1/48 -> 1.1458333 | C104: 21.7885 | D104: 22.4838 | E104: 22.8259 | F104: 20.7964
A105: =+A57+1 -> 46051 | B105: =+B104+1/48 -> 1.1666667 | C105: 24.5434 | D105: 25.3374 | E105: 25.7066 | F105: 23.4297
A106: =+A58+1 -> 46051 | B106: =+B105+1/48 -> 1.1875 | C106: 25.3563 | D106: 26.1832 | E106: 26.5729 | F106: 24.2083
A107: =+A59+1 -> 46051 | B107: =+B106+1/48 -> 1.2083333 | C107: 25.3638 | D107: 26.1887 | E107: 26.5996 | F107: 24.2145
A108: =+A60+1 -> 46051 | B108: =+B107+1/48 -> 1.2291667 | C108: 32.4894 | D108: 33.5897 | E108: 34.0504 | F108: 30.9962
A109: =+A61+1 -> 46051 | B109: =+B108+1/48 -> 1.25 | C109: 25.4857 | D109: 26.3689 | E109: 26.6714 | F109: 24.3021
... A241: =+A193+1 -> 46053 | B241: =+B240+1/48 -> 4 | C241: 24.37 | D241: 25.3705 | E241: 26.0961 | F241: 23.4175

Sheet CMG-COS
A1: Fecha | B1: Hora | C1: Santa Rosa | D1: Trujillo | E1: Socabaya | F1: Campo Armiño
A2: 46049 | B2: 0.020833333 | C2: 30.8477 | D2: 31.8088 | E2: 33.2017 | F2: 29.1691
A3: 46049 | B3: 0.041666667 | C3: 25.3634 | D3: 26.2083 | E3: 27.3028 | F3: 23.9938
A4: 46049 | B4: 0.0625 | C4: 25.3008 | D4: 26.1177 | E4: 27.2469 | F4: 23.9428
A5: 46049 | B5: 0.083333333 | C5: 25.2057 | D5: 25.9798 | E5: 27.121 | F5: 23.8481
A6: 46049 | B6: 0.10416667 | C6: 25.1646 | D6: 25.9358 | E6: 27.0738 | F6: 23.8124
A7: 46049 | B7: 0.125 | C7: 25.1464 | D7: 25.9108 | E7: 27.091 | F7: 23.7989
A8: 46049 | B8: 0.14583333 | C8: 25.1332 | D8: 25.8803 | E8: 27.0752 | F8: 23.795
A9: 46049 | B9: 0.16666667 | C9: 25.2353 | D9: 25.9703 | E9: 27.1985 | F9: 23.8933
A10: 46049 | B10: 0.1875 | C10: 25.2823 | D10: 26.033 | E10: 27.2972 | F10: 23.9456
A11: 46049 | B11: 0.20833333 | C11: 25.2981 | D11: 26.0641 | E11: 27.3208 | F11: 23.9581
A12: 46049 | B12: 0.22916667 | C12: 25.29 | D12: 26.0918 | E12: 27.3087 | F12: 23.9517
A13: 46049 | B13: 0.25 | C13: 25.313 | D13: 26.1179 | E13: 27.1708 | F13: 23.9433
... A49: 46049 | B49: 1 | C49: 25.2451 | D49: 26.3107 | E49: 27.4698 | F49: 23.9681
A50: =+'CMG-PDO'!A50 -> 46050 | B50: =+'CMG-PDO'!B50 -> 0.020833333 | C50: 29.4119 | D50: 30.3479 | E50: 31.6598 | F50: 27.7661
A51: =+'CMG-PDO'!A51 -> 46050 | B51: =+'CMG-PDO'!B51 -> 0.041666667 | C51: 30.3097 | D51: 31.2038 | E51: 32.6192 | F51: 28.5904
A52: =+'CMG-PDO'!A52 -> 46050 | B52: =+'CMG-PDO'!B52 -> 0.0625 | C52: 30.2308 | D52: 31.2266 | E52: 32.5355 | F52: 28.5445
A53: =+'CMG-PDO'!A53 -> 46050 | B53: =+'CMG-PDO'!B53 -> 0.083333333 | C53: 24.5498 | D53: 25.3209 | E53: 26.404 | F53: 23.2011
A54: =+'CMG-PDO'!A54 -> 46050 | B54: =+'CMG-PDO'!B54 -> 0.10416667 | C54: 24.5409 | D54: 25.2962 | E54: 26.3917 | F54: 23.196
A55: =+'CMG-PDO'!A55 -> 46050 | B55: =+'CMG-PDO'!B55 -> 0.125 | C55: 24.5217 | D55: 25.27 | E55: 26.3907 | F55: 23.1765
A56: =+'CMG-PDO'!A56 -> 46050 | B56: =+'CMG-PDO'!B56 -> 0.14583333 | C56: 24.5129 | D56: 25.2436 | E56: 26.3571 | F56: 23.1599
A57: =+'CMG-PDO'!A57 -> 46050 | B57: =+'CMG-PDO'!B57 -> 0.16666667 | C57: 24.5229 | D57: 25.2722 | E57: 26.3896 | F57: 23.1749
A58: =+'CMG-PDO'!A58 -> 46050 | B58: =+'CMG-PDO'!B58 -> 0.1875 | C58: 23.6293 | D58: 24.3444 | E58: 25.476 | F58: 22.3447
A59: =+'CMG-PDO'!A59 -> 46050 | B59: =+'CMG-PDO'!B59 -> 0.20833333 | C59: 24.557 | D59: 25.3132 | E59: 26.478 | F59: 23.2212
A60: =+'CMG-PDO'!A60 -> 46050 | B60: =+'CMG-PDO'!B60 -> 0.22916667 | C60: 30.272 | D60: 31.3001 | E60: 32.7167 | F60: 28.6348
A61: =+'CMG-PDO'!A61 -> 46050 | B61: =+'CMG-PDO'!B61 -> 0.25 | C61: 29.5716 | D61: 30.6118 | E61: 31.7383 | F61: 27.9179
... A241: =+'CMG-PDO'!A241 -> 46053 | B241: =+'CMG-PDO'!B241 -> 4 | C241: 23.815 | D241: 24.7891 | E241: 25.5872 | F241: 22.9237

Sheet CMG-IEOD
A1: Fecha | B1: Hora | C1: Santa Rosa | D1: Trujillo | E1: Socabaya | F1: Campo Armiño
A2: 46049 | B2: 0.020833333 | C2: 36.836587 | D2: 37.952318 | E2: 38.598807 | F2: 34.874346
A3: 46049 | B3: 0.041666667 | C3: 36.855263 | D3: 37.850077 | E3: 38.637019 | F3: 34.933841
A4: 46049 | B4: 0.0625 | C4: 36.86364 | D4: 37.822244 | E4: 38.857389 | F4: 34.931901
A5: 46049 | B5: 0.083333333 | C5: 44.746504 | D5: 45.864652 | E5: 47.122006 | F5: 42.376352
A6: 46049 | B6: 0.10416667 | C6: 36.859503 | D6: 37.7848 | E6: 38.75779 | F6: 35.009501
A7: 46049 | B7: 0.125 | C7: 36.861549 | D7: 37.731434 | E7: 38.7903 | F7: 34.983705
A8: 46049 | B8: 0.14583333 | C8: 36.868023 | D8: 37.67159 | E8: 38.803266 | F8: 34.935267
A9: 46049 | B9: 0.16666667 | C9: 36.87578 | D9: 37.734762 | E9: 38.882779 | F9: 34.933086
A10: 46049 | B10: 0.1875 | C10: 36.865695 | D10: 37.681012 | E10: 38.858127 | F10: 35.044043
A11: 46049 | B11: 0.20833333 | C11: 36.880064 | D11: 37.674097 | E11: 38.864062 | F11: 35.007048
A12: 46049 | B12: 0.22916667 | C12: 36.864604 | D12: 37.743401 | E12: 38.766893 | F12: 34.967148
A13: 46049 | B13: 0.25 | C13: 36.837753 | D13: 37.744688 | E13: 38.609421 | F13: 34.858912
... A49: 46049 | B49: 1 | C49: 29.983273 | D49: 30.901212 | E49: 30.778709 | F49: 28.464131
A50: =+'CMG-PDO'!A50 -> 46050 | B50: =+'CMG-PDO'!B50 -> 0.020833333 | C50: 29.795092 | D50: 30.685684 | E50: 30.646358 | F50: 28.317245
A51: =+'CMG-PDO'!A51 -> 46050 | B51: =+'CMG-PDO'!B51 -> 0.041666667 | C51: 29.764856 | D51: 30.518673 | E51: 30.737001 | F51: 28.347473
A52: =+'CMG-PDO'!A52 -> 46050 | B52: =+'CMG-PDO'!B52 -> 0.0625 | C52: 29.845765 | D52: 30.589109 | E52: 30.755145 | F52: 28.394081
A53: =+'CMG-PDO'!A53 -> 46050 | B53: =+'CMG-PDO'!B53 -> 0.083333333 | C53: 25.635462 | D53: 26.305887 | E53: 26.455916 | F53: 24.431903
A54: =+'CMG-PDO'!A54 -> 46050 | B54: =+'CMG-PDO'!B54 -> 0.10416667 | C54: 25.458527 | D54: 26.234909 | E54: 26.247662 | F54: 24.230482
A55: =+'CMG-PDO'!A55 -> 46050 | B55: =+'CMG-PDO'!B55 -> 0.125 | C55: 25.541032 | D55: 26.282763 | E55: 26.357866 | F55: 24.34752
A56: =+'CMG-PDO'!A56 -> 46050 | B56: =+'CMG-PDO'!B56 -> 0.14583333 | C56: 25.587119 | D56: 26.311014 | E56: 26.553522 | F56: 24.403281
A57: =+'CMG-PDO'!A57 -> 46050 | B57: =+'CMG-PDO'!B57 -> 0.16666667 | C57: 25.597027 | D57: 26.282991 | E57: 26.603248 | F57: 24.426097
A58: =+'CMG-PDO'!A58 -> 46050 | B58: =+'CMG-PDO'!B58 -> 0.1875 | C58: 25.667593 | D58: 26.406743 | E58: 26.677385 | F58: 24.481522
A59: =+'CMG-PDO'!A59 -> 46050 | B59: =+'CMG-PDO'!B59 -> 0.20833333 | C59: 24.821878 | D59: 25.449132 | E59: 25.607793 | F59: 23.678901
A60: =+'CMG-PDO'!A60 -> 46050 | B60: =+'CMG-PDO'!B60 -> 0.22916667 | C60: 24.804746 | D60: 25.522794 | E60: 25.635663 | F60: 23.700737
A61: =+'CMG-PDO'!A61 -> 46050 | B61: =+'CMG-PDO'!B61 -> 0.25 | C61: 25.821371 | D61: 26.652105 | E61: 26.614826 | F61: 24.587393
... A145: =+'CMG-PDO'!A145 -> 46051 | B145: =+'CMG-PDO'!B145 -> 2 | C145: 30.330937 | D145: 31.451198 | E145: 31.274826 | F145: 28.855841

Sheet Hidro-ELP
A1: Fecha | B1: Hora | C1: La Mejorada Medido | D1: La Mejorada Proyección
A2: 46049 | B2: 0 | C2: 249.97 | D2: 263.69548
A3: 46049 | B3: 0.041666667 | C3: 248.41 | D3: 265.11385
A4: 46049 | B4: 0.083333333 | C4: 246.86 | D4: 264.80895
A5: 46049 | B5: 0.125 | C5: 246.86 | D5: 262.36784
A6: 46049 | B6: 0.16666667 | C6: 246.86 | D6: 258.7568
A7: 46049 | B7: 0.20833333 | C7: 245.31 | D7: 253.2591
A8: 46049 | B8: 0.25 | C8: 246.86 | D8: 249.35513
A9: 46049 | B9: 0.29166667 | C9: 246.86 | D9: 245.78942
A10: 46049 | B10: 0.33333333 | C10: 243.77 | D10: 246.85693
A11: 46049 | B11: 0.375 | C11: 245.31 | D11: 248.73075
A12: 46049 | B12: 0.41666667 | C12: 248.41 | D12: 250.37241
A13: 46049 | B13: 0.45833333 | C13: 245.31 | D13: 251.55766
... A25: 46049 | B25: 0.95833333 | C25: 230.15 | D25: 239.84656
A26: =+A2+1 -> 46050 | B26: =+B2 -> 0 | C26: 230.15 | D26: 240.96848
A27: =+A3+1 -> 46050 | B27: =+B3 -> 0.041666667 | C27: 230.15 | D27: 241.07389
A28: =+A4+1 -> 46050 | B28: =+B4 -> 0.083333333 | C28: 228.67 | D28: 239.57957
A29: =+A5+1 -> 46050 | B29: =+B5 -> 0.125 | C29: 225.71 | D29: 237.14149
A30: =+A6+1 -> 46050 | B30: =+B6 -> 0.16666667 | C30: 221.33 | D30: 232.43368
A31: =+A7+1 -> 46050 | B31: =+B7 -> 0.20833333 | C31: 219.88 | D31: 227.1349
A32: =+A8+1 -> 46050 | B32: =+B8 -> 0.25 | C32: 216.99 | D32: 224.16233
A33: =+A9+1 -> 46050 | B33: =+B9 -> 0.29166667 | C33: 216.99 | D33: 222.90099
A34: =+A10+1 -> 46050 | B34: =+B10 -> 0.33333333 | C34: 216.99 | D34: 223.9022
A35: =+A11+1 -> 46050 | B35: =+B11 -> 0.375 | C35: 218.43 | D35: 223.93299
A36: =+A12+1 -> 46050 | B36: =+B12 -> 0.41666667 | C36: 219.88 | D36: 221.98631
A37: =+A13+1 -> 46050 | B37: =+B13 -> 0.45833333 | C37: 216.99 | D37: 220.08828
... A155: =+A131+1 -> 46055 | B155: =+B131 -> 0.375 | C155: 687.29 | D155: 679.42472
A156: =+A132+1 -> 46055 | B156: =+B132 -> 0.41666667 | D156: 681.6941
A157: =+A133+1 -> 46055 | B157: =+B133 -> 0.45833333 | D157: 685.21279
A158: =+A134+1 -> 46055 | B158: =+B134 -> 0.5 | D158: 688.16255
A159: =+A135+1 -> 46055 | B159: =+B135 -> 0.54166667 | D159: 687.02783
A160: =+A136+1 -> 46055 | B160: =+B136 -> 0.58333333 | D160: 683.67923
A161: =+A137+1 -> 46055 | B161: =+B137 -> 0.625 | D161: 680.00209
A162: =+A138+1 -> 46055 | B162: =+B138 -> 0.66666667 | D162: 678.34695
A163: =+A139+1 -> 46055 | B163: =+B139 -> 0.70833333 | D163: 677.50701
A164: =+A140+1 -> 46055 | B164: =+B140 -> 0.75 | D164: 677.43604
A165: =+A141+1 -> 46055 | B165: =+B141 -> 0.79166667 | D165: 676.39864
A166: =+A142+1 -> 46055 | B166: =+B142 -> 0.83333333 | D166: 674.138
A167: =+A143+1 -> 46055 | B167: =+B143 -> 0.875 | D167: 670.27095
... A181: =+A157+1 -> 46056 | B181: =+B157 -> 0.45833333 | D181: 706.2147

Sheet Hoja de Trabajo
A1: ETAPA \ BARRA | B1: AGUAYTIA 220 | C1: BALNEARIO 220 | D1: BALNEARIOS 60 A | E1: CALLAHUANCA 220 | F1: CALLAHUANCA 60 | G1: CARHUAMAYO 220 | H1: CARHUAMAYO NUEVA 138 | I1: CARHUAQUERO 220 | J1: CHAVARRIA 220 A | K1: CHICLAYO OESTE 220 | L1: CHIMBOTE 220 | M1: GUADALUPE 220 | N1: HUACHIPA 60 | O1: HUACHO 220 | P1: HUANCAVELICA 220 | Q1: HUAYUCACHI 220 | R1: ICA 220 | S1: INDEPENDENCIA 220 | T1: MARCONA220 | U1: MOYOPAMPA 60 | V1: OROYA NUEVA 220 | W1: OROYA NUEVA 138 | X1: OROYA NUEVA 50 | Y1: PACHACHACA 220 | Z1: PARAGSHA2 220 | AA1: PARAGSHA 138 | AB1: PARAGSHA 50 | AC1: PARAMONGA NUEVA 220 | AD1: PIURA OESTE 220 | AE1: SAN JUAN 220 | AF1: SANTA ROSA 220 A | AG1: SANTA ROSA EDS 60 | AH1: TALARA 220 | AI1: TINGO MARIA 138 | AJ1: TINGO MARIA 220 | AK1: TRUJILLO 220 | AL1: VENTANILLA 220 | AM1: VIZCARRA 220 | AN1: ZAPALLAL 220 | AO1: AGUAYTIA 138 | AP1: PUCALLPA 138 | AQ1: HUALLANCA 138 | AR1: CHIMBOTE 138 | AS1: PUCALLPA 60 | AT1: ZORRITOS 220 | AU1: ABANCAY NUEVA 138 | AV1: ARICOTA138 | AW1: ARICOTA II 66 | AX1: CAMPO ARMINO 220 | AY1: AYAVIRI138 | AZ1: AZANGARO 138 | BA1: CACHIMAYO 138 | BB1: CALLALLI 138 | BC1: CERRO VERDE 138 | BD1: COMBAPATA 138 | BE1: DOLORESPATA 138 | BF1: DESIERTO220 | BG1: JULIACA 138 | BH1: MACHUPICCHU 138 | BI1: MOLLENDO 138 | BJ1: MOQUEGUA 220 | BK1: MOQUEGUA 138 | BL1: PUNO 220 | BM1: PUNO 138 | BN1: SANTUARIO 138 | BO1: SOCABAYA 220 | BP1: SOCABAYA 138 | BQ1: ILO 138 | BR1: LOS HEROES 220 A | BS1: LOS HEROES 66 | BT1: TINTAYA 138 | BU1: TOMASIRI 66 | BV1: REPARTICION 138 | BW1: ILO2 220 | BX1: COTARUSE 220 | BY1: CHILCA REP 220 | BZ1: CANTERA 220 | CA1: PIURA OESTE 60 | CB1: LA NINA 220 | CC1: CONOCOCHA 220 | CD1: HUINCO 220 | CE1: INDEPENDENCIA 60 | CF1: CHILLON 220 | CG1: CHILLON 60 | CH1: CHAVARRIA 60 A | CI1: CHAVARRIA 60 B | CJ1: BARSI 60 | CK1: BARSI 220 | CL1: OQUENDO 60 | CM1: CAJAMARCA 220 | CN1: PLANICIE 220 A | CO1: CARABAYLLO 220 | CP1: CARABAYLLO 500 | CQ1: CHILCA CTM 500 | CR1: CHILCA CTM 220 A | CS1: KIMAN AYLLU 138 | CT1: KIMAN AYLLU 220 | CU1: PARAMONGA EXISTENTE 138 | CV1: MACHALA 200 | CW1: CHIMBOTE 500 | CX1: TRUJILLO 500 | CY1: HUARANGAL 60 | CZ1: POMACOCHA 220 | DA1: PIEDRA BLANCA 138 | DB1: POROMA 220 | DC1: POROMA500 | DD1: OCONA 500 | DE1: MONTALVO 500 | DF1: MONTALVO 220 | DG1: HUANZA 220 | DH1: INDUSTRIALES 220 A | DI1: TINTAYA 220 | DJ1: LA NINA 500 | DK1: INDUSTRIALES 60 | DL1: CARHUAMAYO 50 | DM1: CARIPA138 | DN1: HUAMPANI 60 | DO1: HUANUCO 138 | DP1: REFINERIA ZINC 220 | DQ1: QUENCORO 138 | DR1: ILO 3 220 | DS1: MIRADOR 220 | DT1: MIRADOR 60 | DU1: ALTO PRADERA 220 | DV1: ABANCAY NUEVA 220 | DW1: LOMERA 220 | DX1: REQUE 220 | DY1: SAN JOSE 500 | DZ1: SANTA TERESA 220 | EA1: SURIRAY 220 | EB1: ASIA 220 | EC1: CERRO DEL AGUILA 220 | ED1: CHAGLLA 220 | EE1: RAMADA 220 | EF1: SANTA ROSA LDS 60 | EG1: LOMERA 60 | EH1: ZAPALLAL 60 | EI1: MALVINAS 220 | EJ1: MALVINAS 60 | EK1: ABANCAY 138 | EL1: YAUPI 138 | EM1: SANTA ISABEL 220 | EN1: YANANGO 220 | EO1: CHIMAY 220 | EP1: ILO3 138 | EQ1: MATUCANA 220 | ER1: COLCABAMBA 500 | ES1: COLCABAMBA 220 | ET1: YARABAMBA 500 | EU1: YARABAMBA 220 | EV1: BELAUNDE 220 | EW1: BELAUNDE 138 | EX1: CACLIC 220 | EY1: INDUSTRIALES 220B | EZ1: PLANICIE60 | FA1: COBRIZAI 69 | FB1: MOLLEPATA 60 | FC1: MOLLEPATA220 | FD1: CARAPONGO 500 | FE1: CARAPONGO 220 A | FF1: SAN JOSE 220 | FG1: MARCONA 60 A | FH1: SAN NICOLAS 60 | FI1: CALLAHUANCA EDN 220 | FJ1: PUMIRI138 | FK1: PUMIRI220 | FL1: SAN MIGUEL 220 | FM1: SAN MIGUEL 60 | FN1: FELAM 220 | FO1: MANCHAY 60 | FP1: MANCHAY 220 | FQ1: SAN RAFAEL 138 | FR1: SAN GABAN 138 | FS1: MARCONA 60 B | FT1: ANGEL 138 | FU1: PTO MALDONADO 138 | FV1: MEDIO MUNDO 220 | FW1: AUCAYACU 138 | FX1: BELLAVISTA 138 | FY1: TARAPOTO 138 | FZ1: PARINAS 220 | GA1: PAMPA HONDA 220 | GB1: ORCOTUNA 220 | GC1: SAN ROMAN 138 | GD1: SAN ROMAN 220 | GE1: CHILOTA 220 | GF1: MAZUCO 138 | GG1: JESUS 138 | GH1: CARHUAMAYO 138 | GI1: CINCO MANANTIALES 138 | GJ1: OXIDOS CERRO 138 | GK1: TOCACHE 138 | GL1: JUANJUI 138 | GM1: FRANCOISE 220 | GN1: BOTIFLACA 138 | GO1: MILL SITE 138 | GP1: PLAZA TOQUEPALA 138 | GQ1: QUEBRADA HONDA 138 | GR1: PANAMERICANA SOLAR 138 | GS1: TOQUEPALA 138 | GT1: ILO ELS 138 | GU1: REFINERIA 138 | GV1: LIXIVIACION 138 | GW1: PUSHBACK 138 | GX1: INTIPAMPA 138 | GY1: PLANICIE 220 B | GZ1: CHILCA CTM 220 B | HA1: CARAPONGO 220 B | HB1: CHILCA 1 220 | HC1: DERIVACION 220 | HD1: CHAVARRIA 220 B | HE1: DERIVACION 220 BARRA II | HF1: CAMPAS 220 | HG1: CAMPAS 500 | HH1: PLANICIE 500 | HI1: NUEVA CHINCHA 220 | HJ1: CAHUACHI 220 | HK1: VALLE DEL CHIRA 220 | HL1: SANTA ROSA 220 B | HM1: ERSUR 220 | HN1: FLAMENCO220 | HO1: BARRA3HERMANAS | HP1: BARRAPTALOMITAS | HQ1: PUERTO CHANCAY 220 | HR1: CHAPARRAL 138 | HS1: CHIRIBAMBA 220 | HT1: BARRAPTALOMITAS2 | HU1: YSHCAYUCRO 220 | HV1: PAQUILLUSI 220 | HW1: MIGUEL GRAU 500 | HX1: MIGUEL GRAU 220 | HY1: ALIPIO ROSALES 220 | HZ1: SUNNY | IA1: CUAJONE 138 | IB1: SAN MARTIN 220 | IC1: SAN LUIS 220 | ID1: CERRO VERDE 220
A2: 1 | B2: 23.9551 | C2: 23.6589 | D2: 23.6871 | E2: 23.3609 | F2: 22.807 | G2: 22.4283 | H2: 22.3145 | I2: 24.64 | J2: 23.9607 | K2: 25.2884 | L2: 24.5849 | M2: 25.1905 | N2: 24.0639 | O2: 23.3943 | P2: 23.2059 | Q2: 23.0613 | R2: 24.0976 | S2: 24.0793 | T2: 24.2825 | U2: 23.3513 | V2: 22.9329 | W2: 22.399 | X2: 22.6387 | Y2: 23.155 | Z2: 22.3997 | AA2: 22.6709 | AB2: 22.7246 | AC2: 23.4705 | AD2: 25.4704 | AE2: 23.6382 | AF2: 23.7613 | AG2: 23.7928 | AH2: 25.6737 | AI2: 23.7857 | AJ2: 23.7742 | AK2: 24.8868 | AL2: 23.9076 | AM2: 23.391 | AN2: 23.8689 | AO2: 24 | AP2: 24.8852 | AQ2: 23.3273 | AR2: 24.6547 | AS2: 24.9649 | AT2: 25.8687 | AU2: 23.7383 | AV2: 25.9702 | AW2: 25.9178 | AX2: 22.802 | AY2: 24.7358 | AZ2: 24.1957 | BA2: 24.497 | BB2: 25.6926 | BC2: 25.4923 | BD2: 25.1961 | BE2: 24.6111 | BF2: 24.0232 | BG2: 24.8548 | BH2: 23.3631 | BI2: 26.3851 | BJ2: 25.4535 | BK2: 25.4954 | BL2: 24.9133 | BM2: 24.9417 | BN2: 25.032 | BO2: 25.3056 | BP2: 25.3478 | BQ2: 26.0651 | BR2: 25.608 | BS2: 25.675 | BT2: 25.7432 | BU2: 25.8966 | BV2: 25.8534 | BW2: 25.4581 | BX2: 23.9652 | BY2: 23.3939 | BZ2: 23.8594 | CA2: 25.4976 | CB2: 25.2421 | CC2: 23.3777 | CD2: 23.5291 | CE2: 24.214 | CF2: 23.9144 | CG2: 23.9448 | CH2: 23.9896 | CI2: 24.027 | CJ2: 24.0462 | CK2: 24.0168 | CL2: 23.9893 | CM2: 24.6743 | CN2: 23.9648 | CO2: 23.8632 | CP2: 23.8298 | CQ2: 23.6755 | CR2: 23.5706 | CS2: 23.5852 | CT2: 23.8537 | CU2: 23.4262 | CV2: 0 | CW2: 24.5707 | CX2: 24.8367 | CY2: 23.945 | CZ2: 23.2489 | DA2: 23.6157 | DB2: 24.2856 | DC2: 24.2736 | DD2: 24.9264 | DE2: 25.3395 | DF2: 25.3955 | DG2: 23.5684 | DH2: 24.0412 | DI2: 25.5961 | DJ2: 25.2296 | DK2: 24.1797 | DL2: 22.3084 | DM2: 22.0839 | DN2: 24.6815 | DO2: 23.4314 | DP2: 23.8105 | DQ2: 24.6084 | DR2: 25.7399 | DS2: 23.9452 | DT2: 24.0081 | DU2: 23.5881 | DV2: 23.5765 | DW2: 23.6174 | DX2: 25.2731 | DY2: 25.2157 | DZ2: 23.3864 | EA2: 23.3925 | EB2: 23.6049 | EC2: 22.8822 | ED2: 21.0914 | EE2: 24.2419 | EF2: 23.7955 | EG2: 23.661 | EH2: 23.9674 | EI2: 24.0007 | EJ2: 24.0294 | EK2: 23.8558 | EL2: 21.9252 | EM2: 22.1127 | EN2: 23.2975 | EO2: 23.0817 | EP2: 25.7383 | EQ2: 23.1454 | ER2: 23.339 | ES2: 23.0941 | ET2: 25.2369 | EU2: 25.291 | EV2: 25.4132 | EW2: 25.5733 | EX2: 25.0733 | EY2: 23.7314 | EZ2: 24.3489 | FA2: 22.7267 | FB2: 23.5355 | FC2: 23.3445 | FD2: 23.7412 | FE2: 23.7324 | FF2: 25.2492 | FG2: 0 | FH2: 24.7502 | FI2: 23.3658 | FJ2: 24.2242 | FK2: 24.4566 | FL2: 23.7502 | FM2: 23.719 | FN2: 25.2917 | FO2: 24.1585 | FP2: 23.9709 | FQ2: 22.9134 | FR2: 21.1649 | FS2: 24.3572 | FT2: 21.1944 | FU2: 22.6789 | FV2: 23.4473 | FW2: 24.2648 | FX2: 26.3674 | FY2: 26.5251 | FZ2: 25.6707 | GA2: 24.3693 | GB2: 23.1362 | GC2: 24.8492 | GD2: 24.7962 | GE2: 25.2093 | GF2: 21.6497 | GG2: 25.2876 | GH2: 22.345 | GI2: 22.751 | GJ2: 22.6753 | GK2: 25.3076 | GL2: 26.215 | GM2: 22.4598 | GN2: 25.9228 | GO2: 26.0965 | GP2: 26.1044 | GQ2: 25.9886 | GR2: 25.7383 | GS2: 26.0918 | GT2: 25.985 | GU2: 26.1087 | GV2: 26.1063 | GW2: 26.0849 | GX2: 25.6617 | GY2: 23.9648 | GZ2: 23.5709 | HA2: 23.7326 | HB2: 0 | HC2: 23.8654 | HD2: 23.9624 | HE2: 23.8654 | HF2: 23.3857 | HG2: 23.434 | HH2: 23.8074 | HI2: 24.0948 | HJ2: 24.2058 | HK2: 25.6434 | HL2: 23.7611 | HM2: 24.1395 | HN2: 24.2826 | HO2: 24.1293 | HP2: 23.6511 | HQ2: 23.6944 | HR2: 26.0158 | HS2: 23.551 | HT2: 23.651 | HU2: 22.6997 | HV2: 23.1837 | HW2: 25.2919 | HX2: 25.3477 | HY2: 25.8371 | HZ2: 25.2492 | IA2: 25.8537 | IB2: 25.2492 | IC2: 25.4585 | ID2: 25.3859
A3: 2 | B3: 21.5303 | C3: 21.3536 | D3: 21.3775 | E3: 21.0952 | F3: 20.624 | G3: 20.2403 | H3: 20.129 | I3: 22.1302 | J3: 21.6069 | K3: 22.7043 | L3: 22.1181 | M3: 22.6257 | N3: 21.704 | O3: 21.0746 | P3: 20.9381 | Q3: 20.8192 | R3: 21.7518 | S3: 21.7333 | T3: 21.8892 | U3: 21.0583 | V3: 20.7407 | W3: 20.3745 | X3: 20.5623 | Y3: 20.917 | Z3: 20.2038 | AA3: 20.416 | AB3: 20.4588 | AC3: 21.1383 | AD3: 22.8719 | AE3: 21.3358 | AF3: 21.4425 | AG3: 21.4667 | AH3: 23.0466 | AI3: 21.3724 | AJ3: 21.3743 | AK3: 22.3733 | AL3: 21.5584 | AM3: 21.0628 | AN3: 21.5261 | AO3: 21.5691 | AP3: 22.3335 | AQ3: 20.9728 | AR3: 22.1786 | AS3: 22.4023 | AT3: 23.216 | AU3: 21.3555 | AV3: 23.3812 | AW3: 23.3353 | AX3: 20.5759 | AY3: 22.2499 | AZ3: 21.7593 | BA3: 22.0144 | BB3: 23.1247 | BC3: 22.9502 | BD3: 22.6461 | BE3: 22.1093 | BF3: 21.684 | BG3: 22.357 | BH3: 21.0293 | BI3: 23.7193 | BJ3: 22.9204 | BK3: 22.9575 | BL3: 22.4142 | BM3: 22.4393 | BN3: 22.5327 | BO3: 22.7875 | BP3: 22.8241 | BQ3: 23.4706 | BR3: 23.0546 | BS3: 23.1119 | BT3: 23.1639 | BU3: 23.3105 | BV3: 23.2593 | BW3: 22.9245 | BX3: 21.5866 | BY3: 21.1241 | BZ3: 21.5364 | CA3: 22.8945 | CB3: 22.6762 | CC3: 21.0496 | CD3: 21.289 | CE3: 21.8558 | CF3: 21.5643 | CG3: 21.5921 | CH3: 21.632 | CI3: 21.6643 | CJ3: 21.6808 | CK3: 21.6553 | CL3: 21.631 | CM3: 22.1679 | CN3: 21.6138 | CO3: 21.5233 | CP3: 21.4957 | CQ3: 21.3686 | CR3: 21.2796 | CS3: 21.2085 | CT3: 21.4502 | CU3: 21.097 | CV3: 0 | CW3: 22.1077 | CX3: 22.3319 | CY3: 21.5911 | CZ3: 20.9949 | DA3: 21.223 | DB3: 21.8928 | DC3: 21.8826 | DD3: 22.4567 | DE3: 22.8193 | DF3: 22.8691 | DG3: 21.3147 | DH3: 21.6794 | DI3: 23.0311 | DJ3: 22.6661 | DK3: 21.7998 | DL3: 20.1375 | DM3: 20.035 | DN3: 22.2482 | DO3: 21.0662 | DP3: 21.4878 | DQ3: 22.1066 | DR3: 23.1764 | DS3: 21.5934 | DT3: 21.6474 | DU3: 21.2931 | DV3: 21.2155 | DW3: 21.2807 | DX3: 22.6921 | DY3: 22.7107 | DZ3: 21.0506 | EA3: 21.0561 | EB3: 21.3114 | EC3: 20.6447 | ED3: 19.024 | EE3: 21.7908 | EF3: 21.4718 | EG3: 21.298 | EH3: 21.6109 | EI3: 21.6407 | EJ3: 21.6649 | EK3: 21.4572 | EL3: 19.7824 | EM3: 19.9538 | EN3: 21.025 | EO3: 20.8321 | EP3: 23.1754 | EQ3: 20.9004 | ER3: 21.0544 | ES3: 20.8359 | ET3: 22.7277 | EU3: 22.7747 | EV3: 22.7907 | EW3: 22.9251 | EX3: 22.5045 | EY3: 21.4166 | EZ3: 21.9422 | FA3: 20.5281 | FB3: 21.2092 | FC3: 21.0534 | FD3: 21.4205 | FE3: 21.4216 | FF3: 22.741 | FG3: 0 | FH3: 22.3049 | FI3: 21.0994 | FJ3: 21.7858 | FK3: 21.9985 | FL3: 21.4368 | FM3: 21.4109 | FN3: 22.7142 | FO3: 21.7792 | FP3: 21.619 | FQ3: 20.5811 | FR3: 19.0016 | FS3: 21.9551 | FT3: 19.0286 | FU3: 20.2917 | FV3: 21.1195 | FW3: 21.7896 | FX3: 23.6062 | FY3: 23.7313 | FZ3: 23.0439 | GA3: 21.9023 | GB3: 20.8922 | GC3: 22.3541 | GD3: 22.3065 | GE3: 22.6905 | GF3: 19.4113 | GG3: 22.7653 | GH3: 20.1595 | GI3: 20.5053 | GJ3: 20.4205 | GK3: 22.6969 | GL3: 23.4754 | GM3: 20.2579 | GN3: 23.337 | GO3: 23.4943 | GP3: 23.5015 | GQ3: 23.3982 | GR3: 23.1754 | GS3: 23.4901 | GT3: 23.3976 | GU3: 23.5096 | GV3: 23.5031 | GW3: 23.4836 | GX3: 23.106 | GY3: 21.6138 | GZ3: 21.2797 | HA3: 21.4218 | HB3: 0 | HC3: 21.5325 | HD3: 21.6084 | HE3: 21.5325 | HF3: 21.1022 | HG3: 21.1435 | HH3: 21.4787 | HI3: 21.7468 | HJ3: 21.8241 | HK3: 23.0225 | HL3: 21.4424 | HM3: 21.7604 | HN3: 21.8901 | HO3: 21.7511 | HP3: 21.3391 | HQ3: 21.36 | HR3: 23.3998 | HS3: 21.2522 | HT3: 21.339 | HU3: 20.4635 | HV3: 20.8535 | HW3: 22.7193 | HX3: 22.7671 | HY3: 23.1885 | HZ3: 22.741 | IA3: 23.2758 | IB3: 22.741 | IC3: 22.9253 | ID3: 22.8597
A4: 3 | B4: 23.5681 | C4: 23.3808 | D4: 23.4052 | E4: 23.1174 | F4: 22.6063 | G4: 22.1755 | H4: 22.0535 | I4: 24.2315 | J4: 23.6652 | K4: 24.8556 | L4: 24.2249 | M4: 24.7728 | N4: 23.7754 | O4: 23.0868 | P4: 22.9549 | Q4: 22.8147 | R4: 23.8762 | S4: 23.8356 | T4: 24.0207 | U4: 23.0689 | V4: 22.7248 | W4: 22.3193 | X4: 22.526 | Y4: 22.92 | Z4: 22.1354 | AA4: 22.3731 | AB4: 22.4213 | AC4: 23.1572 | AD4: 25.0429 | AE4: 23.3621 | AF4: 23.4915 | AG4: 23.5257 | AH4: 25.2329 | AI4: 23.3965 | AJ4: 23.4011 | AK4: 24.4991 | AL4: 23.6113 | AM4: 23.075 | AN4: 23.5751 | AO4: 23.6094 | AP4: 24.4247 | AQ4: 22.9704 | AR4: 24.2929 | AS4: 24.498 | AT4: 25.4152 | AU4: 23.4278 | AV4: 25.6603 | AW4: 25.6105 | AX4: 22.5544 | AY4: 24.4212 | AZ4: 23.8825 | BA4: 24.1513 | BB4: 25.3762 | BC4: 25.1782 | BD4: 24.8487 | BE4: 24.2548 | BF4: 23.7654 | BG4: 24.5329 | BH4: 23.069 | BI4: 26.0271 | BJ4: 25.1477 | BK4: 25.189 | BL4: 24.5953 | BM4: 24.6219 | BN4: 24.7156 | BO4: 24.9995 | BP4: 25.039 | BQ4: 25.7521 | BR4: 25.2956 | BS4: 25.3582 | BT4: 25.4251 | BU4: 25.5827 | BV4: 25.5196 | BW4: 25.1522 | BX4: 23.6803 | BY4: 23.1252 | BZ4: 23.5963 | CA4: 25.0673 | CB4: 24.83 | CC4: 23.0598 | CD4: 23.385 | CE4: 23.9721 | CF4: 23.6176 | CG4: 23.6481 | CH4: 23.692 | CI4: 23.7264 | CJ4: 23.7426 | CK4: 23.7164 | CL4: 23.6902 | CM4: 24.2754 | CN4: 23.6723 | CO4: 23.5721 | CP4: 23.5455 | CQ4: 23.4065 | CR4: 23.3042 | CS4: 23.229 | CT4: 23.4952 | CU4: 23.1134 | CV4: 0 | CW4: 24.2123 | CX4: 24.455 | CY4: 23.6438 | CZ4: 23.0047 | DA4: 23.2334 | DB4: 24.0139 | DC4: 24.0003 | DD4: 24.6347 | DE4: 25.0357 | DF4: 25.0908 | DG4: 23.3478 | DH4: 23.7431 | DI4: 25.2785 | DJ4: 24.8189 | DK4: 23.8744 | DL4: 22.0567 | DM4: 21.9492 | DN4: 24.3665 | DO4: 23.0624 | DP4: 23.5463 | DQ4: 24.2531 | DR4: 25.4308 | DS4: 23.644 | DT4: 23.6947 | DU4: 23.3132 | DV4: 23.2739 | DW4: 23.3102 | DX4: 24.8426 | DY4: 24.9155 | DZ4: 23.0924 | EA4: 23.0984 | EB4: 23.3352 | EC4: 22.6289 | ED4: 20.8428 | EE4: 23.8664 | EF4: 23.5228 | EG4: 23.3307 | EH4: 23.6674 | EI4: 23.6962 | EJ4: 23.7239 | EK4: 23.5401 | EL4: 21.6735 | EM4: 21.8615 | EN4: 23.0396 | EO4: 22.8281 | EP4: 25.4296 | EQ4: 22.904 | ER4: 23.0774 | ES4: 22.8384 | ET4: 24.934 | EU4: 24.9855 | EV4: 24.9455 | EW4: 25.0917 | EX4: 24.6363 | EY4: 23.4601 | EZ4: 24.0253 | FA4: 22.5028 | FB4: 23.2479 | FC4: 23.0794 | FD4: 23.4658 | FE4: 23.4764 | FF4: 24.9489 | FG4: 0 | FH4: 24.4565 | FI4: 23.122 | FJ4: 23.9113 | FK4: 24.1432 | FL4: 23.4925 | FM4: 23.4649 | FN4: 24.8716 | FO4: 23.8498 | FP4: 23.6778 | FQ4: 22.6041 | FR4: 20.8658 | FS4: 24.0915 | FT4: 20.8957 | FU4: 22.263 | FV4: 23.1366 | FW4: 23.8484 | FX4: 25.8259 | FY4: 25.9624 | FZ4: 25.2302 | GA4: 23.9876 | GB4: 22.8934 | GC4: 24.5298 | GD4: 24.478 | GE4: 24.8972 | GF4: 21.3096 | GG4: 24.9719 | GH4: 22.0866 | GI4: 22.4707 | GJ4: 22.378 | GK4: 24.833 | GL4: 25.6825 | GM4: 22.1937 | GN4: 25.6109 | GO4: 25.7846 | GP4: 25.7923 | GQ4: 25.6765 | GR4: 25.4296 | GS4: 25.7799 | GT4: 25.6725 | GU4: 25.7934 | GV4: 25.7941 | GW4: 25.7738 | GX4: 25.3538 | GY4: 23.6723 | GZ4: 23.3044 | HA4: 23.4765 | HB4: 0 | HC4: 23.6762 | HD4: 23.6668 | HE4: 23.6762 | HF4: 23.1242 | HG4: 23.1691 | HH4: 23.5263 | HI4: 23.8402 | HJ4: 23.9664 | HK4: 25.2073 | HL4: 23.4914 | HM4: 23.8819 | HN4: 24.0112 | HO4: 23.8772 | HP4: 23.4924 | HQ4: 23.3955 | HR4: 25.6746 | HS4: 23.3028 | HT4: 23.4923 | HU4: 22.4192 | HV4: 22.8866 | HW4: 24.8769 | HX4: 24.929 | HY4: 25.3856 | HZ4: 24.9489 | IA4: 25.5431 | IB4: 24.9489 | IC4: 25.1524 | ID4: 25.0787
A5: 4 | B5: 23.7007 | C5: 23.5055 | D5: 23.5282 | E5: 23.2725 | F5: 22.7709 | G5: 22.3134 | H5: 22.199 | I5: 24.3684 | J5: 23.8159 | K5: 24.993 | L5: 24.3597 | M5: 24.9099 | N5: 23.9323 | O5: 23.2274 | P5: 23.1107 | Q5: 22.9662 | R5: 24.0622 | S5: 24.0003 | T5: 24.2159 | U5: 23.2068 | V5: 22.8598 | W5: 22.4243 | X5: 22.6387 | Y5: 23.0639 | Z5: 22.274 | AA5: 22.5215 | AB5: 22.5696 | AC5: 23.2965 | AD5: 25.1808 | AE5: 23.4875 | AF5: 23.6328 | AG5: 23.6575 | AH5: 25.3711 | AI5: 23.5291 | AJ5: 23.5349 | AK5: 24.6348 | AL5: 23.761 | AM5: 23.2165 | AN5: 23.7241 | AO5: 23.7418 | AP5: 24.5529 | AQ5: 23.1024 | AR5: 24.4244 | AS5: 24.6259 | AT5: 25.5539 | AU5: 23.6037 | AV5: 25.8296 | AW5: 25.7785 | AX5: 22.7072 | AY5: 24.6203 | AZ5: 24.077 | BA5: 24.3394 | BB5: 25.5779 | BC5: 25.3703 | BD5: 25.0441 | BE5: 24.444 | BF5: 23.9163 | BG5: 24.7249 | BH5: 23.2417 | BI5: 26.2126 | BJ5: 25.3378 | BK5: 25.3792 | BL5: 24.7874 | BM5: 24.8137 | BN5: 24.906 | BO5: 25.1908 | BP5: 25.23 | BQ5: 25.9465 | BR5: 25.4833 | BS5: 25.5459 | BT5: 25.6315 | BU5: 25.7396 | BV5: 25.7123 | BW5: 25.3424 | BX5: 23.8564 | BY5: 23.2437 | BZ5: 23.7363 | CA5: 25.205 | CB5: 24.9687 | CC5: 23.1992 | CD5: 23.6391 | CE5: 24.137 | CF5: 23.7673 | CG5: 23.7984 | CH5: 23.8422 | CI5: 23.8759 | CJ5: 23.8918 | CK5: 23.8659 | CL5: 23.8399 | CM5: 24.415 | CN5: 23.8172 | CO5: 23.7216 | CP5: 23.694 | CQ5: 23.5521 | CR5: 23.4403 | CS5: 23.3671 | CT5: 23.6316 | CU5: 23.2523 | CV5: 0 | CW5: 24.349 | CX5: 24.5912 | CY5: 23.7917 | CZ5: 23.148 | DA5: 23.3665 | DB5: 24.1957 | DC5: 24.179 | DD5: 24.821 | DE5: 25.2255 | DF5: 25.2807 | DG5: 23.4979 | DH5: 23.8877 | DI5: 25.4826 | DJ5: 24.957 | DK5: 24.0194 | DL5: 22.2075 | DM5: 22.0649 | DN5: 24.5438 | DO5: 23.1975 | DP5: 23.7069 | DQ5: 24.4439 | DR5: 25.6157 | DS5: 23.7951 | DT5: 23.8525 | DU5: 23.4356 | DV5: 23.4484 | DW5: 23.4535 | DX5: 24.98 | DY5: 25.105 | DZ5: 23.2653 | EA5: 23.2713 | EB5: 23.4591 | EC5: 22.7827 | ED5: 20.9733 | EE5: 24.004 | EF5: 23.6635 | EG5: 23.47 | EH5: 23.8167 | EI5: 23.8457 | EJ5: 23.872 | EK5: 23.7163 | EL5: 21.807 | EM5: 21.997 | EN5: 23.191 | EO5: 22.9782 | EP5: 25.6136 | EQ5: 23.0579 | ER5: 23.2346 | ES5: 22.9936 | ET5: 25.1236 | EU5: 25.1766 | EV5: 25.0766 | EW5: 25.2225 | EX5: 24.7719 | EY5: 23.5976 | EZ5: 24.1608 | FA5: 22.6636 | FB5: 23.3968 | FC5: 23.233 | FD5: 23.6164 | FE5: 23.6388 | FF5: 25.1389 | FG5: 0 | FH5: 24.695 | FI5: 23.2773 | FJ5: 24.1056 | FK5: 24.3372 | FL5: 23.6546 | FM5: 23.6296 | FN5: 25.0132 | FO5: 23.9897 | FP5: 23.8225 | FQ5: 22.7946 | FR5: 21.0362 | FS5: 24.2909 | FT5: 21.0666 | FU5: 22.4216 | FV5: 23.2762 | FW5: 23.9788 | FX5: 25.9365 | FY5: 26.0723 | FZ5: 25.3686 | GA5: 24.1257 | GB5: 23.0447 | GC5: 24.7219 | GD5: 24.6706 | GE5: 25.0883 | GF5: 21.4741 | GG5: 25.162 | GH5: 22.2322 | GI5: 22.6212 | GJ5: 22.5266 | GK5: 24.9575 | GL5: 25.7953 | GM5: 22.3362 | GN5: 25.7945 | GO5: 25.9533 | GP5: 25.9617 | GQ5: 25.8546 | GR5: 25.6136 | GS5: 25.9487 | GT5: 25.8632 | GU5: 25.9904 | GV5: 25.9634 | GW5: 25.9332 | GX5: 25.538 | GY5: 23.8172 | GZ5: 23.4405 | HA5: 23.639 | HB5: 0 | HC5: 23.9006 | HD5: 23.8175 | HE5: 23.9006 | HF5: 23.2768 | HG5: 23.3222 | HH5: 23.673 | HI5: 23.9966 | HJ5: 24.1711 | HK5: 25.3454 | HL5: 23.6327 | HM5: 24.0787 | HN5: 24.1932 | HO5: 24.0781 | HP5: 23.7409 | HQ5: 23.5414 | HR5: 25.8651 | HS5: 23.4621 | HT5: 23.7408 | HU5: 22.5581 | HV5: 23.0705 | HW5: 25.0149 | HX5: 25.067 | HY5: 25.5243 | HZ5: 25.1389 | IA5: 25.7281 | IB5: 25.1389 | IC5: 25.3466 | ID5: 25.2717
A6: 5 | B6: 3.6474 | C6: 3.6189 | D6: 3.6219 | E6: 3.5918 | F6: 3.5173 | G6: 3.4399 | H6: 3.4212 | I6: 3.7508 | J6: 3.6713 | K6: 3.8474 | L6: 3.7536 | M6: 3.8359 | N6: 3.6892 | O6: 3.5798 | P6: 3.5634 | Q6: 3.5414 | R6: 3.7109 | S6: 3.6995 | T6: 3.7362 | U6: 3.5723 | V6: 3.5277 | W6: 3.4685 | X6: 3.4996 | Y6: 3.5577 | Z6: 3.4331 | AA6: 3.4691 | AB6: 3.4763 | AC6: 3.5898 | AD6: 3.8772 | AE6: 3.6162 | AF6: 3.6412 | AG6: 3.6439 | AH6: 3.9061 | AI6: 3.6209 | AJ6: 3.6226 | AK6: 3.7948 | AL6: 3.6631 | AM6: 3.5763 | AN6: 3.6586 | AO6: 3.6536 | AP6: 3.7745 | AQ6: 3.5578 | AR6: 3.7636 | AS6: 3.7854 | AT6: 3.9339 | AU6: 3.6361 | AV6: 3.9791 | AW6: 3.9711 | AX6: 3.5016 | AY6: 3.7906 | AZ6: 3.7061 | BA6: 3.7478 | BB6: 3.9405 | BC6: 3.9098 | BD6: 3.8568 | BE6: 3.7637 | BF6: 3.6849 | BG6: 3.807 | BH6: 3.5806 | BI6: 4.0365 | BJ6: 3.9045 | BK6: 3.9107 | BL6: 3.817 | BM6: 3.8209 | BN6: 3.8379 | BO6: 3.8824 | BP6: 3.8884 | BQ6: 3.996 | BR6: 3.9271 | BS6: 3.937 | BT6: 3.9475 | BU6: 3.9697 | BV6: 3.9617 | BW6: 3.9052 | BX6: 3.6759 | BY6: 3.5775 | BZ6: 3.6561 | CA6: 3.8808 | CB6: 3.8449 | CC6: 3.5739 | CD6: 3.6401 | CE6: 3.721 | CF6: 3.664 | CG6: 3.6688 | CH6: 3.6751 | CI6: 3.6801 | CJ6: 3.6829 | CK6: 3.6789 | CL6: 3.6749 | CM6: 3.758 | CN6: 3.6744 | CO6: 3.6586 | CP6: 3.6536 | CQ6: 3.6341 | CR6: 3.6136 | CS6: 3.598 | CT6: 3.639 | CU6: 3.5828 | CV6: 0 | CW6: 3.7518 | CX6: 3.7882 | CY6: 3.6689 | CZ6: 3.5692 | DA6: 3.5962 | DB6: 3.7321 | DC6: 3.729 | DD6: 3.8264 | DE6: 3.8875 | DF6: 3.8959 | DG6: 3.6238 | DH6: 3.6851 | DI6: 3.9246 | DJ6: 3.8432 | DK6: 3.7062 | DL6: 3.4223 | DM6: 3.4093 | DN6: 3.7855 | DO6: 3.5706 | DP6: 3.6551 | DQ6: 3.7638 | DR6: 3.9466 | DS6: 3.6695 | DT6: 3.6787 | DU6: 3.6077 | DV6: 3.6123 | DW6: 3.6153 | DX6: 3.8456 | DY6: 3.8694 | DZ6: 3.5843 | EA6: 3.5852 | EB6: 3.6116 | EC6: 3.5129 | ED6: 3.2326 | EE6: 3.6955 | EF6: 3.6458 | EG6: 3.6164 | EH6: 3.6717 | EI6: 3.6769 | EJ6: 3.6807 | EK6: 3.6535 | EL6: 3.3618 | EM6: 3.3911 | EN6: 3.5765 | EO6: 3.5434 | EP6: 3.9462 | EQ6: 3.5651 | ER6: 3.5825 | ES6: 3.5455 | ET6: 3.872 | EU6: 3.8803 | EV6: 3.8574 | EW6: 3.8794 | EX6: 3.8116 | EY6: 3.6352 | EZ6: 3.7284 | FA6: 3.4938 | FB6: 3.6075 | FC6: 3.5821 | FD6: 3.6416 | FE6: 3.6448 | FF6: 3.8747 | FG6: 0 | FH6: 3.8108 | FI6: 3.5926 | FJ6: 3.7106 | FK6: 3.747 | FL6: 3.6473 | FM6: 3.6427 | FN6: 3.8508 | FO6: 3.702 | FP6: 3.6752 | FQ6: 3.5048 | FR6: 3.2347 | FS6: 3.7479 | FT6: 3.2394 | FU6: 3.4429 | FV6: 3.5869 | FW6: 3.6892 | FX6: 3.9869 | FY6: 4.0062 | FZ6: 3.9058 | GA6: 3.7139 | GB6: 3.5535 | GC6: 3.8067 | GD6: 3.7987 | GE6: 3.8646 | GF6: 3.3004 | GG6: 3.8775 | GH6: 3.4264 | GI6: 3.4851 | GJ6: 3.4699 | GK6: 3.8378 | GL6: 3.9654 | GM6: 3.4424 | GN6: 3.9741 | GO6: 3.998 | GP6: 3.9992 | GQ6: 3.9831 | GR6: 3.9462 | GS6: 3.9973 | GT6: 3.9836 | GU6: 4.0021 | GV6: 3.9995 | GW6: 3.9947 | GX6: 3.9349 | GY6: 3.6744 | GZ6: 3.6137 | HA6: 3.6449 | HB6: 0 | HC6: 3.6893 | HD6: 3.6716 | HE6: 3.6893 | HF6: 3.5896 | HG6: 3.5961 | HH6: 3.6514 | HI6: 3.6981 | HJ6: 3.73 | HK6: 3.9025 | HL6: 3.6412 | HM6: 3.7156 | HN6: 3.7317 | HO6: 3.7159 | HP6: 3.6665 | HQ6: 3.6296 | HR6: 3.9846 | HS6: 3.6171 | HT6: 3.6665 | HU6: 3.4763 | HV6: 3.5519 | HW6: 3.852 | HX6: 3.86 | HY6: 3.9294 | HZ6: 3.8747 | IA6: 3.964 | IB6: 3.8747 | IC6: 3.9065 | ID6: 3.895
A7: 6 | B7: 21.4096 | C7: 21.2859 | D7: 21.3035 | E7: 21.1111 | F7: 20.6686 | G7: 20.2163 | H7: 20.1101 | I7: 22.0223 | J7: 21.5789 | K7: 22.5917 | L7: 22.0499 | M7: 22.529 | N7: 21.6904 | O7: 21.0374 | P7: 20.9437 | Q7: 20.8182 | R7: 21.8082 | S7: 21.7415 | T7: 21.9738 | U7: 21.0068 | V7: 20.7365 | W7: 20.3916 | X7: 20.5721 | Y7: 20.9141 | Z7: 20.1743 | AA7: 20.3849 | AB7: 20.426 | AC7: 21.0933 | AD7: 22.7651 | AE7: 21.271 | AF7: 21.4114 | AG7: 21.4279 | AH7: 22.9324 | AI7: 21.2554 | AJ7: 21.2674 | AK7: 22.2882 | AL7: 21.5302 | AM7: 21.0076 | AN7: 21.5043 | AO7: 21.4448 | AP7: 22.1386 | AQ7: 20.8974 | AR7: 22.1073 | AS7: 22.2009 | AT7: 23.0926 | AU7: 21.3701 | AV7: 23.4294 | AW7: 23.3852 | AX7: 20.5867 | AY7: 22.2872 | AZ7: 21.791 | BA7: 22.0256 | BB7: 23.1578 | BC7: 22.9926 | BD7: 22.6699 | BE7: 22.1179 | BF7: 21.6607 | BG7: 22.3856 | BH7: 21.0476 | BI7: 23.7502 | BJ7: 22.9668 | BK7: 23.0045 | BL7: 22.4461 | BM7: 22.4696 | BN7: 22.5636 | BO7: 22.8323 | BP7: 22.867 | BQ7: 23.5097 | BR7: 23.0975 | BS7: 23.1519 | BT7: 23.2086 | BU7: 23.3566 | BV7: 23.3 | BW7: 22.9709 | BX7: 21.6104 | BY7: 21.0523 | BZ7: 21.4964 | CA7: 22.7857 | CB7: 22.5784 | CC7: 20.9947 | CD7: 21.4314 | CE7: 21.8612 | CF7: 21.5356 | CG7: 21.5636 | CH7: 21.6011 | CI7: 21.6301 | CJ7: 21.6452 | CK7: 21.6222 | CL7: 21.5992 | CM7: 22.0641 | CN7: 21.5975 | CO7: 21.5046 | CP7: 21.4783 | CQ7: 21.3686 | CR7: 21.254 | CS7: 21.1322 | CT7: 21.3706 | CU7: 21.0528 | CV7: 0 | CW7: 22.04 | CX7: 22.2502 | CY7: 21.5629 | CZ7: 20.9834 | DA7: 21.112 | DB7: 21.9482 | DC7: 21.93 | DD7: 22.5043 | DE7: 22.8652 | DF7: 22.9154 | DG7: 21.3013 | DH7: 21.6594 | DI7: 23.0747 | DJ7: 22.5686 | DK7: 21.7811 | DL7: 20.1204 | DM7: 20.0486 | DN7: 22.2484 | DO7: 20.9648 | DP7: 21.49 | DQ7: 22.1196 | DR7: 23.2221 | DS7: 21.5669 | DT7: 21.6198 | DU7: 21.2237 | DV7: 21.232 | DW7: 21.2492 | DX7: 22.582 | DY7: 22.7577 | DZ7: 21.069 | EA7: 21.0745 | EB7: 21.2457 | EC7: 20.6545 | ED7: 18.9958 | EE7: 21.6986 | EF7: 21.4378 | EG7: 21.2614 | EH7: 21.5802 | EI7: 21.6087 | EJ7: 21.63 | EK7: 21.47 | EL7: 19.7569 | EM7: 19.9293 | EN7: 21.0273 | EO7: 20.8325 | EP7: 23.221 | EQ7: 20.9404 | ER7: 21.0642 | ES7: 20.8458 | ET7: 22.7723 | EU7: 22.8198 | EV7: 22.6335 | EW7: 22.7608 | EX7: 22.3708 | EY7: 21.3774 | EZ7: 21.8994 | FA7: 20.5711 | FB7: 21.1717 | FC7: 21.0431 | FD7: 21.4101 | FE7: 21.4312 | FF7: 22.7892 | FG7: 0 | FH7: 22.4074 | FI7: 21.1156 | FJ7: 21.8178 | FK7: 22.0316 | FL7: 21.4454 | FM7: 21.4219 | FN7: 22.613 | FO7: 21.7516 | FP7: 21.6021 | FQ7: 20.5965 | FR7: 19.0066 | FS7: 22.0411 | FT7: 19.0341 | FU7: 20.213 | FV7: 21.0775 | FW7: 21.6527 | FX7: 23.3791 | FY7: 23.4939 | FZ7: 22.9301 | GA7: 21.8064 | GB7: 20.8894 | GC7: 22.3847 | GD7: 22.3377 | GE7: 22.7293 | GF7: 19.3873 | GG7: 22.8005 | GH7: 20.1413 | GI7: 20.4823 | GJ7: 20.3898 | GK7: 22.515 | GL7: 23.2541 | GM7: 20.2282 | GN7: 23.3864 | GO7: 23.5422 | GP7: 23.5494 | GQ7: 23.446 | GR7: 23.221 | GS7: 23.538 | GT7: 23.4372 | GU7: 23.5454 | GV7: 23.551 | GW7: 23.5309 | GX7: 23.1532 | GY7: 21.5975 | GZ7: 21.2541 | HA7: 21.4313 | HB7: 0 | HC7: 21.6962 | HD7: 21.5803 | HE7: 21.6962 | HF7: 21.1048 | HG7: 21.1433 | HH7: 21.4663 | HI7: 21.7342 | HJ7: 21.9377 | HK7: 22.9119 | HL7: 21.4113 | HM7: 21.8552 | HN7: 21.9461 | HO7: 21.859 | HP7: 21.5691 | HQ7: 21.3325 | HR7: 23.4375 | HS7: 21.2588 | HT7: 21.569 | HU7: 20.4263 | HV7: 20.8849 | HW7: 22.6194 | HX7: 22.6653 | HY7: 23.0667 | HZ7: 22.7892 | IA7: 23.3243 | IB7: 22.7892 | IC7: 22.975 | ID7: 22.9062
A8: 7 | B8: 1.8613 | C8: 1.8474 | D8: 1.8486 | E8: 1.8354 | F8: 1.8035 | G8: 1.7572 | H8: 1.7479 | I8: 1.9148 | J8: 1.874 | K8: 1.9641 | L8: 1.9162 | M8: 1.9586 | N8: 1.8849 | O8: 1.8276 | P8: 1.8203 | Q8: 1.8089 | R8: 1.8963 | S8: 1.8899 | T8: 1.9103 | U8: 1.8221 | V8: 1.8022 | W8: 1.7722 | X8: 1.7879 | Y8: 1.8175 | Z8: 1.7536 | AA8: 1.7719 | AB8: 1.7755 | AC8: 1.8328 | AD8: 1.9789 | AE8: 1.8461 | AF8: 1.8589 | AG8: 1.8596 | AH8: 1.9934 | AI8: 1.8479 | AJ8: 1.8489 | AK8: 1.9371 | AL8: 1.8698 | AM8: 1.8263 | AN8: 1.8677 | AO8: 1.8644 | AP8: 1.9248 | AQ8: 1.8164 | AR8: 1.9214 | AS8: 1.9302 | AT8: 2.0074 | AU8: 1.8584 | AV8: 2.0359 | AW8: 2.0318 | AX8: 1.7889 | AY8: 1.9377 | AZ8: 1.8946 | BA8: 1.9159 | BB8: 2.0133 | BC8: 1.9989 | BD8: 1.9718 | BE8: 1.924 | BF8: 1.882 | BG8: 1.9464 | BH8: 1.8301 | BI8: 2.0662 | BJ8: 1.996 | BK8: 1.9991 | BL8: 1.9516 | BM8: 1.9537 | BN8: 1.9615 | BO8: 1.9846 | BP8: 1.9877 | BQ8: 2.0433 | BR8: 2.0077 | BS8: 2.0127 | BT8: 2.0181 | BU8: 2.0297 | BV8: 2.0264 | BW8: 1.9964 | BX8: 1.8788 | BY8: 1.8265 | BZ8: 1.867 | CA8: 1.9807 | CB8: 1.9626 | CC8: 1.8249 | CD8: 1.8588 | CE8: 1.9008 | CF8: 1.8703 | CG8: 1.8727 | CH8: 1.876 | CI8: 1.8784 | CJ8: 1.8798 | CK8: 1.8778 | CL8: 1.8758 | CM8: 1.9183 | CN8: 1.8755 | CO8: 1.8677 | CP8: 1.8653 | CQ8: 1.8556 | CR8: 1.845 | CS8: 1.837 | CT8: 1.8578 | CU8: 1.8291 | CV8: 0 | CW8: 1.9152 | CX8: 1.9337 | CY8: 1.8727 | CZ8: 1.8232 | DA8: 1.8353 | DB8: 1.9075 | DC8: 1.9058 | DD8: 1.9559 | DE8: 1.9873 | DF8: 1.9916 | DG8: 1.8503 | DH8: 1.8809 | DI8: 2.0064 | DJ8: 1.9617 | DK8: 1.8914 | DL8: 1.749 | DM8: 1.7426 | DN8: 1.9464 | DO8: 1.8225 | DP8: 1.8663 | DQ8: 1.9242 | DR8: 2.0181 | DS8: 1.8731 | DT8: 1.8775 | DU8: 1.8418 | DV8: 1.8463 | DW8: 1.8458 | DX8: 1.9632 | DY8: 1.978 | DZ8: 1.832 | EA8: 1.8325 | EB8: 1.8441 | EC8: 1.7946 | ED8: 1.6512 | EE8: 1.8865 | EF8: 1.8612 | EG8: 1.847 | EH8: 1.8741 | EI8: 1.8767 | EJ8: 1.8786 | EK8: 1.8672 | EL8: 1.7172 | EM8: 1.7322 | EN8: 1.8267 | EO8: 1.8098 | EP8: 2.0181 | EQ8: 1.8219 | ER8: 1.83 | ES8: 1.8112 | ET8: 1.9793 | EU8: 1.9835 | EV8: 1.9682 | EW8: 1.9794 | EX8: 1.9451 | EY8: 1.8558 | EZ8: 1.9022 | FA8: 1.7865 | FB8: 1.8414 | FC8: 1.8294 | FD8: 1.8594 | FE8: 1.8612 | FF8: 1.9807 | FG8: 0 | FH8: 1.9463 | FI8: 1.8358 | FJ8: 1.8969 | FK8: 1.9156 | FL8: 1.8625 | FM8: 1.8604 | FN8: 1.9659 | FO8: 1.8891 | FP8: 1.8759 | FQ8: 1.7899 | FR8: 1.6522 | FS8: 1.9161 | FT8: 1.6545 | FU8: 1.7568 | FV8: 1.8313 | FW8: 1.8824 | FX8: 2.0337 | FY8: 2.0434 | FZ8: 1.9932 | GA8: 1.8958 | GB8: 1.815 | GC8: 1.9463 | GD8: 1.9422 | GE8: 1.9759 | GF8: 1.6851 | GG8: 1.9819 | GH8: 1.7507 | GI8: 1.7805 | GJ8: 1.7723 | GK8: 1.9578 | GL8: 2.0227 | GM8: 1.7585 | GN8: 2.0302 | GO8: 2.0458 | GP8: 2.0464 | GQ8: 2.0376 | GR8: 2.0181 | GS8: 2.0454 | GT8: 2.037 | GU8: 2.0464 | GV8: 2.0465 | GW8: 2.0445 | GX8: 2.012 | GY8: 1.8755 | GZ8: 1.8451 | HA8: 1.8612 | HB8: 0 | HC8: 1.8867 | HD8: 1.8742 | HE8: 1.8867 | HF8: 1.8334 | HG8: 1.8366 | HH8: 1.8642 | HI8: 1.8889 | HJ8: 1.9073 | HK8: 1.9916 | HL8: 1.8589 | HM8: 1.9003 | HN8: 1.9073 | HO8: 1.9007 | HP8: 1.8759 | HQ8: 1.8529 | HR8: 2.0386 | HS8: 1.8477 | HT8: 1.8759 | HU8: 1.7755 | HV8: 1.8159 | HW8: 1.9661 | HX8: 1.9701 | HY8: 2.0051 | HZ8: 1.9807 | IA8: 2.0246 | IB8: 1.9807 | IC8: 1.997 | ID8: 1.9911
A9: 8 | B9: 1.8609 | C9: 1.8464 | D9: 1.8477 | E9: 1.835 | F9: 1.8033 | G9: 1.7566 | H9: 1.7472 | I9: 1.9146 | J9: 1.8734 | K9: 1.9639 | L9: 1.9156 | M9: 1.9584 | N9: 1.8845 | O9: 1.8272 | P9: 1.8192 | Q9: 1.8082 | R9: 1.8947 | S9: 1.8885 | T9: 1.9099 | U9: 1.8218 | V9: 1.8016 | W9: 1.7717 | X9: 1.7874 | Y9: 1.8169 | Z9: 1.7531 | AA9: 1.7715 | AB9: 1.7751 | AC9: 1.8324 | AD9: 1.9784 | AE9: 1.8452 | AF9: 1.8581 | AG9: 1.8588 | AH9: 1.9929 | AI9: 1.8475 | AJ9: 1.8485 | AK9: 1.9366 | AL9: 1.8692 | AM9: 1.8259 | AN9: 1.867 | AO9: 1.864 | AP9: 1.9245 | AQ9: 1.8162 | AR9: 1.9207 | AS9: 1.9299 | AT9: 2.0068 | AU9: 1.8559 | AV9: 2.0356 | AW9: 2.0315 | AX9: 1.7882 | AY9: 1.9376 | AZ9: 1.8944 | BA9: 1.9138 | BB9: 2.0133 | BC9: 1.9984 | BD9: 1.9712 | BE9: 1.9221 | BF9: 1.8809 | BG9: 1.946 | BH9: 1.8275 | BI9: 2.0669 | BJ9: 1.9954 | BK9: 1.9985 | BL9: 1.9511 | BM9: 1.9532 | BN9: 1.9615 | BO9: 1.984 | BP9: 1.9871 | BQ9: 2.0423 | BR9: 2.0071 | BS9: 2.0121 | BT9: 2.0179 | BU9: 2.0288 | BV9: 2.0264 | BW9: 1.9957 | BX9: 1.8759 | BY9: 1.8255 | BZ9: 1.8655 | CA9: 1.9802 | CB9: 1.9622 | CC9: 1.8245 | CD9: 1.8582 | CE9: 1.8992 | CF9: 1.8696 | CG9: 1.872 | CH9: 1.8753 | CI9: 1.8778 | CJ9: 1.879 | CK9: 1.8771 | CL9: 1.8751 | CM9: 1.918 | CN9: 1.8748 | CO9: 1.867 | CP9: 1.8646 | CQ9: 1.8549 | CR9: 1.8443 | CS9: 1.8368 | CT9: 1.8575 | CU9: 1.8289 | CV9: 0 | CW9: 1.9147 | CX9: 1.9332 | CY9: 1.872 | CZ9: 1.8226 | DA9: 1.835 | DB9: 1.907 | DC9: 1.9052 | DD9: 1.9553 | DE9: 1.9866 | DF9: 1.9909 | DG9: 1.8496 | DH9: 1.8801 | DI9: 2.0062 | DJ9: 1.9613 | DK9: 1.8906 | DL9: 1.7479 | DM9: 1.742 | DN9: 1.9452 | DO9: 1.8221 | DP9: 1.8657 | DQ9: 1.9224 | DR9: 2.0176 | DS9: 1.8723 | DT9: 1.8767 | DU9: 1.8408 | DV9: 1.8437 | DW9: 1.8453 | DX9: 1.9631 | DY9: 1.9773 | DZ9: 1.8294 | EA9: 1.8299 | EB9: 1.8428 | EC9: 1.7939 | ED9: 1.6507 | EE9: 1.8862 | EF9: 1.8603 | EG9: 1.8465 | EH9: 1.8735 | EI9: 1.876 | EJ9: 1.878 | EK9: 1.8647 | EL9: 1.7166 | EM9: 1.7316 | EN9: 1.8261 | EO9: 1.8092 | EP9: 2.0175 | EQ9: 1.8219 | ER9: 1.8294 | ES9: 1.8106 | ET9: 1.9786 | EU9: 1.9829 | EV9: 1.9678 | EW9: 1.9789 | EX9: 1.9448 | EY9: 1.8549 | EZ9: 1.9011 | FA9: 1.7885 | FB9: 1.8385 | FC9: 1.8279 | FD9: 1.8587 | FE9: 1.8606 | FF9: 1.9801 | FG9: 0 | FH9: 1.9457 | FI9: 1.8354 | FJ9: 1.8967 | FK9: 1.9153 | FL9: 1.8619 | FM9: 1.8598 | FN9: 1.9657 | FO9: 1.8881 | FP9: 1.8752 | FQ9: 1.7896 | FR9: 1.6521 | FS9: 1.9156 | FT9: 1.6544 | FU9: 1.7573 | FV9: 1.8309 | FW9: 1.8822 | FX9: 2.0331 | FY9: 2.0425 | FZ9: 1.9927 | GA9: 1.8956 | GB9: 1.8143 | GC9: 1.9459 | GD9: 1.9418 | GE9: 1.9752 | GF9: 1.6852 | GG9: 1.9816 | GH9: 1.7499 | GI9: 1.7799 | GJ9: 1.7719 | GK9: 1.9575 | GL9: 2.0222 | GM9: 1.758 | GN9: 2.0303 | GO9: 2.0454 | GP9: 2.0461 | GQ9: 2.0373 | GR9: 2.0175 | GS9: 2.0451 | GT9: 2.0361 | GU9: 2.0455 | GV9: 2.0462 | GW9: 2.0444 | GX9: 2.0115 | GY9: 1.8748 | GZ9: 1.8443 | HA9: 1.8606 | HB9: 0 | HC9: 1.8857 | HD9: 1.8735 | HE9: 1.8857 | HF9: 1.8328 | HG9: 1.836 | HH9: 1.8635 | HI9: 1.8876 | HJ9: 1.9068 | HK9: 1.9912 | HL9: 1.8581 | HM9: 1.9001 | HN9: 1.9068 | HO9: 1.9006 | HP9: 1.875 | HQ9: 1.8523 | HR9: 2.0388 | HS9: 1.8466 | HT9: 1.875 | HU9: 1.775 | HV9: 1.8156 | HW9: 1.9657 | HX9: 1.9697 | HY9: 2.0045 | HZ9: 1.9801 | IA9: 2.025 | IB9: 1.9801 | IC9: 1.9964 | ID9: 1.9904
A10: 9 | B10: 3.6375 | C10: 3.6182 | D10: 3.621 | E10: 3.5891 | F10: 3.5173 | G10: 3.4359 | H10: 3.418 | I10: 3.7452 | J10: 3.6671 | K10: 3.8415 | L10: 3.7486 | M10: 3.8314 | N10: 3.687 | O10: 3.576 | P10: 3.562 | Q10: 3.5395 | R10: 3.7124 | S10: 3.6998 | T10: 3.7396 | U10: 3.5707 | V10: 3.5249 | W10: 3.4666 | X10: 3.4971 | Y10: 3.5553 | Z10: 3.4287 | AA10: 3.4638 | AB10: 3.4707 | AC10: 3.5857 | AD10: 3.8689 | AE10: 3.6157 | AF10: 3.6394 | AG10: 3.642 | AH10: 3.8966 | AI10: 3.6113 | AJ10: 3.6136 | AK10: 3.789 | AL10: 3.6589 | AM10: 3.5704 | AN10: 3.6549 | AO10: 3.6435 | AP10: 3.7607 | AQ10: 3.5531 | AR10: 3.7584 | AS10: 3.7712 | AT10: 3.9237 | AU10: 3.6352 | AV10: 3.9846 | AW10: 3.9767 | AX10: 3.5002 | AY10: 3.7917 | AZ10: 3.7076 | BA10: 3.748 | BB10: 3.9376 | BC10: 3.9118 | BD10: 3.8589 | BE10: 3.7642 | BF10: 3.685 | BG10: 3.8088 | BH10: 3.5797 | BI10: 4.0475 | BJ10: 3.9062 | BK10: 3.9125 | BL10: 3.8189 | BM10: 3.823 | BN10: 3.8372 | BO10: 3.8834 | BP10: 3.8894 | BQ10: 3.9976 | BR10: 3.9293 | BS10: 3.9393 | BT10: 3.948 | BU10: 3.9729 | BV10: 3.9677 | BW10: 3.9069 | BX10: 3.6746 | BY10: 3.579 | BZ10: 3.6571 | CA10: 3.8723 | CB10: 3.838 | CC10: 3.5687 | CD10: 3.6429 | CE10: 3.7208 | CF10: 3.6598 | CG10: 3.6645 | CH10: 3.6708 | CI10: 3.6756 | CJ10: 3.6781 | CK10: 3.6744 | CL10: 3.6704 | CM10: 3.7518 | CN10: 3.6712 | CO10: 3.6551 | CP10: 3.6509 | CQ10: 3.6326 | CR10: 3.6132 | CS10: 3.5933 | CT10: 3.6336 | CU10: 3.5789 | CV10: 0 | CW10: 3.7468 | CX10: 3.7825 | CY10: 3.6647 | CZ10: 3.567 | DA10: 3.5868 | DB10: 3.7336 | DC10: 3.7303 | DD10: 3.8276 | DE10: 3.8889 | DF10: 3.8974 | DG10: 3.6208 | DH10: 3.6816 | DI10: 3.9253 | DJ10: 3.8362 | DK10: 3.7019 | DL10: 3.4194 | DM10: 3.4084 | DN10: 3.7702 | DO10: 3.5615 | DP10: 3.6527 | DQ10: 3.7645 | DR10: 3.9495 | DS10: 3.6653 | DT10: 3.6739 | DU10: 3.6078 | DV10: 3.6114 | DW10: 3.6117 | DX10: 3.8399 | DY10: 3.8706 | DZ10: 3.5833 | EA10: 3.5842 | EB10: 3.6127 | EC10: 3.5118 | ED10: 3.2284 | EE10: 3.6895 | EF10: 3.6438 | EG10: 3.6135 | EH10: 3.6674 | EI10: 3.6724 | EJ10: 3.6761 | EK10: 3.6524 | EL10: 3.3575 | EM10: 3.387 | EN10: 3.5748 | EO10: 3.5417 | EP10: 3.9493 | EQ10: 3.5601 | ER10: 3.5815 | ES10: 3.5443 | ET10: 3.8731 | EU10: 3.8813 | EV10: 3.8485 | EW10: 3.8704 | EX10: 3.8038 | EY10: 3.6336 | EZ10: 3.7241 | FA10: 3.492 | FB10: 3.606 | FC10: 3.5806 | FD10: 3.6394 | FE10: 3.6429 | FF10: 3.8759 | FG10: 0 | FH10: 3.8086 | FI10: 3.5899 | FJ10: 3.7121 | FK10: 3.7484 | FL10: 3.6453 | FM10: 3.6411 | FN10: 3.845 | FO10: 3.6981 | FP10: 3.672 | FQ10: 3.5025 | FR10: 3.2328 | FS10: 3.7507 | FT10: 3.2374 | FU10: 3.4359 | FV10: 3.583 | FW10: 3.6787 | FX10: 3.9747 | FY10: 3.9937 | FZ10: 3.8962 | GA10: 3.7079 | GB10: 3.5515 | GC10: 3.8085 | GD10: 3.8005 | GE10: 3.8665 | GF10: 3.2968 | GG10: 3.8779 | GH10: 3.4232 | GI10: 3.4807 | GJ10: 3.4646 | GK10: 3.8261 | GL10: 3.9532 | GM10: 3.438 | GN10: 3.977 | GO10: 4.0039 | GP10: 4.0051 | GQ10: 3.9879 | GR10: 3.9493 | GS10: 4.0032 | GT10: 3.9855 | GU10: 4.0037 | GV10: 4.0054 | GW10: 4.0022 | GX10: 3.9378 | GY10: 3.6712 | GZ10: 3.6132 | HA10: 3.6429 | HB10: 0 | HC10: 3.6946 | HD10: 3.6673 | HE10: 3.6946 | HF10: 3.588 | HG10: 3.5945 | HH10: 3.649 | HI10: 3.6981 | HJ10: 3.734 | HK10: 3.8935 | HL10: 3.6393 | HM10: 3.721 | HN10: 3.7333 | HO10: 3.722 | HP10: 3.6741 | HQ10: 3.6259 | HR10: 3.9921 | HS10: 3.6164 | HT10: 3.674 | HU10: 3.4717 | HV10: 3.5533 | HW10: 3.8447 | HX10: 3.8523 | HY10: 3.9193 | HZ10: 3.8759 | IA10: 3.9666 | IB10: 3.8759 | IC10: 3.9073 | ID10: 3.8958
A11: 10 | B11: 1.8553 | C11: 1.846 | D11: 1.8473 | E11: 1.8335 | F11: 1.803 | G11: 1.7527 | H11: 1.7437 | I11: 1.9097 | J11: 1.8711 | K11: 1.959 | L11: 1.9119 | M11: 1.9541 | N11: 1.8833 | O11: 1.8239 | P11: 1.8168 | Q11: 1.8057 | R11: 1.8936 | S11: 1.8869 | T11: 1.9074 | U11: 1.8251 | V11: 1.7985 | W11: 1.7678 | X11: 1.7837 | Y11: 1.8144 | Z11: 1.7488 | AA11: 1.7668 | AB11: 1.7704 | AC11: 1.8286 | AD11: 1.9728 | AE11: 1.8447 | AF11: 1.8572 | AG11: 1.8581 | AH11: 1.9866 | AI11: 1.8419 | AJ11: 1.843 | AK11: 1.9323 | AL11: 1.8669 | AM11: 1.8207 | AN11: 1.8647 | AO11: 1.8583 | AP11: 1.9186 | AQ11: 1.8117 | AR11: 1.9169 | AS11: 1.924 | AT11: 2.0003 | AU11: 1.8527 | AV11: 2.0312 | AW11: 2.0271 | AX11: 1.7857 | AY11: 1.9317 | AZ11: 1.8886 | BA11: 1.9099 | BB11: 2.0073 | BC11: 1.9947 | BD11: 1.9666 | BE11: 1.9181 | BF11: 1.8794 | BG11: 1.941 | BH11: 1.8247 | BI11: 2.0638 | BJ11: 1.9915 | BK11: 1.9947 | BL11: 1.9462 | BM11: 1.9484 | BN11: 1.9572 | BO11: 1.9801 | BP11: 1.9833 | BQ11: 2.0376 | BR11: 2.0035 | BS11: 2.0088 | BT11: 2.0116 | BU11: 2.0259 | BV11: 2.0234 | BW11: 1.9919 | BX11: 1.8734 | BY11: 1.8259 | BZ11: 1.8652 | CA11: 1.9746 | CB11: 1.9572 | CC11: 1.8199 | CD11: 1.8592 | CE11: 1.8975 | CF11: 1.8674 | CG11: 1.8698 | CH11: 1.873 | CI11: 1.8755 | CJ11: 1.8767 | CK11: 1.8748 | CL11: 1.8728 | CM11: 1.913 | CN11: 1.8727 | CO11: 1.8648 | CP11: 1.8627 | CQ11: 1.8534 | CR11: 1.8434 | CS11: 1.8322 | CT11: 1.8528 | CU11: 1.825 | CV11: 0 | CW11: 1.911 | CX11: 1.929 | CY11: 1.8698 | CZ11: 1.82 | DA11: 1.8295 | DB11: 1.9044 | DC11: 1.9027 | DD11: 1.9519 | DE11: 1.9828 | DF11: 1.9871 | DG11: 1.8473 | DH11: 1.878 | DI11: 2 | DJ11: 1.9562 | DK11: 1.888 | DL11: 1.7444 | DM11: 1.7377 | DN11: 1.9377 | DO11: 1.8167 | DP11: 1.8641 | DQ11: 1.9183 | DR11: 2.0134 | DS11: 1.8701 | DT11: 1.8743 | DU11: 1.8406 | DV11: 1.8407 | DW11: 1.8423 | DX11: 1.9582 | DY11: 1.9735 | DZ11: 1.8266 | EA11: 1.8271 | EB11: 1.8429 | EC11: 1.7916 | ED11: 1.6467 | EE11: 1.8814 | EF11: 1.8594 | EG11: 1.843 | EH11: 1.8712 | EI11: 1.8736 | EJ11: 1.8754 | EK11: 1.8612 | EL11: 1.7128 | EM11: 1.7278 | EN11: 1.824 | EO11: 1.8071 | EP11: 2.0133 | EQ11: 1.8206 | ER11: 1.8272 | ES11: 1.8082 | ET11: 1.9748 | EU11: 1.979 | EV11: 1.9622 | EW11: 1.9733 | EX11: 1.9396 | EY11: 1.8541 | EZ11: 1.8994 | FA11: 1.7839 | FB11: 1.8379 | FC11: 1.826 | FD11: 1.8569 | FE11: 1.8592 | FF11: 1.9762 | FG11: 0 | FH11: 1.9416 | FI11: 1.834 | FJ11: 1.8909 | FK11: 1.9097 | FL11: 1.8605 | FM11: 1.8584 | FN11: 1.9607 | FO11: 1.8861 | FP11: 1.8731 | FQ11: 1.7822 | FR11: 1.6455 | FS11: 1.9129 | FT11: 1.6478 | FU11: 1.7482 | FV11: 1.8273 | FW11: 1.8761 | FX11: 2.0265 | FY11: 2.036 | FZ11: 1.9864 | GA11: 1.8907 | GB11: 1.8119 | GC11: 1.9408 | GD11: 1.9367 | GE11: 1.9708 | GF11: 1.6779 | GG11: 1.9776 | GH11: 1.7463 | GI11: 1.7753 | GJ11: 1.7672 | GK11: 1.9506 | GL11: 2.0155 | GM11: 1.7534 | GN11: 2.0275 | GO11: 2.0411 | GP11: 2.0417 | GQ11: 2.0328 | GR11: 2.0133 | GS11: 2.0407 | GT11: 2.0315 | GU11: 2.0407 | GV11: 2.0419 | GW11: 2.0403 | GX11: 2.0075 | GY11: 1.8727 | GZ11: 1.8434 | HA11: 1.8592 | HB11: 0 | HC11: 1.8849 | HD11: 1.8713 | HE11: 1.8849 | HF11: 1.8307 | HG11: 1.8339 | HH11: 1.8617 | HI11: 1.8861 | HJ11: 1.9047 | HK11: 1.9852 | HL11: 1.8571 | HM11: 1.8982 | HN11: 1.9042 | HO11: 1.8987 | HP11: 1.8748 | HQ11: 1.8497 | HR11: 2.0357 | HS11: 1.8445 | HT11: 1.8748 | HU11: 1.7706 | HV11: 1.8103 | HW11: 1.9605 | HX11: 1.9644 | HY11: 1.998 | HZ11: 1.9762 | IA11: 2.0222 | IB11: 1.9762 | IC11: 1.992 | ID11: 1.9863
A12: 11 | B12: 21.5122 | C12: 21.3758 | D12: 21.3972 | E12: 21.1187 | F12: 20.6493 | G12: 20.2695 | H12: 20.1612 | I12: 22.1401 | J12: 21.6017 | K12: 22.7159 | L12: 22.126 | M12: 22.6525 | N12: 21.7217 | O12: 21.0929 | P12: 21.0231 | Q12: 20.8766 | R12: 21.9534 | S12: 21.8734 | T12: 22.0744 | U12: 21.0945 | V12: 20.779 | W12: 20.4267 | X12: 20.6086 | Y12: 20.9557 | Z12: 20.2302 | AA12: 20.4412 | AB12: 20.4846 | AC12: 21.1568 | AD12: 22.8794 | AE12: 21.3602 | AF12: 21.4568 | AG12: 21.4803 | AH12: 23.0483 | AI12: 21.3541 | AJ12: 21.363 | AK12: 22.3795 | AL12: 21.5552 | AM12: 21.0826 | AN12: 21.5358 | AO12: 21.5493 | AP12: 22.2794 | AQ12: 20.9833 | AR12: 22.1834 | AS12: 22.3451 | AT12: 23.2124 | AU12: 21.4841 | AV12: 23.5359 | AW12: 23.4875 | AX12: 20.6448 | AY12: 22.397 | AZ12: 21.8961 | BA12: 22.1654 | BB12: 23.2639 | BC12: 23.1054 | BD12: 22.8181 | BE12: 22.2616 | BF12: 21.7919 | BG12: 22.4996 | BH12: 21.1514 | BI12: 23.8961 | BJ12: 23.0717 | BK12: 23.1091 | BL12: 22.5559 | BM12: 22.5791 | BN12: 22.6753 | BO12: 22.937 | BP12: 22.9737 | BQ12: 23.6099 | BR12: 23.2102 | BS12: 23.2706 | BT12: 23.3282 | BU12: 23.4609 | BV12: 23.4334 | BW12: 23.0756 | BX12: 21.7036 | BY12: 21.1667 | BZ12: 21.6191 | CA12: 22.902 | CB12: 22.6865 | CC12: 21.0684 | CD12: 21.2884 | CE12: 21.9989 | CF12: 21.5607 | CG12: 21.5882 | CH12: 21.6235 | CI12: 21.6529 | CJ12: 21.6707 | CK12: 21.6463 | CL12: 21.6229 | CM12: 22.174 | CN12: 21.63 | CO12: 21.5364 | CP12: 21.5149 | CQ12: 21.4012 | CR12: 21.3157 | CS12: 21.224 | CT12: 21.4624 | CU12: 21.1181 | CV12: 0 | CW12: 22.1162 | CX12: 22.3391 | CY12: 21.595 | CZ12: 21.0343 | DA12: 21.2066 | DB12: 22.0328 | DC12: 22.0137 | DD12: 22.5994 | DE12: 22.9687 | DF12: 23.0193 | DG12: 21.341 | DH12: 21.6925 | DI12: 23.1927 | DJ12: 22.6752 | DK12: 21.8116 | DL12: 20.1673 | DM12: 20.0923 | DN12: 22.2015 | DO12: 21.0515 | DP12: 21.4995 | DQ12: 22.2612 | DR12: 23.3271 | DS12: 21.5997 | DT12: 21.6504 | DU12: 21.3228 | DV12: 21.3409 | DW12: 21.2973 | DX12: 22.7061 | DY12: 22.8583 | DZ12: 21.1726 | EA12: 21.1781 | EB12: 21.3625 | EC12: 20.7124 | ED12: 19.0484 | EE12: 21.8008 | EF12: 21.4839 | EG12: 21.3226 | EH12: 21.607 | EI12: 21.6413 | EJ12: 21.6616 | EK12: 21.5868 | EL12: 19.8097 | EM12: 19.9821 | EN12: 21.0713 | EO12: 20.8761 | EP12: 23.3256 | EQ12: 20.9233 | ER12: 21.1227 | ES12: 20.9042 | ET12: 22.8754 | EU12: 22.924 | EV12: 22.7589 | EW12: 22.8898 | EX12: 22.4894 | EY12: 21.4334 | EZ12: 21.9329 | FA12: 20.5795 | FB12: 21.3122 | FC12: 21.1442 | FD12: 21.4441 | FE12: 21.4369 | FF12: 22.8894 | FG12: 0 | FH12: 22.4854 | FI12: 21.1225 | FJ12: 21.9234 | FK12: 22.1404 | FL12: 21.4521 | FM12: 21.4298 | FN12: 22.7328 | FO12: 21.7826 | FP12: 21.6346 | FQ12: 20.6686 | FR12: 19.0794 | FS12: 22.1397 | FT12: 19.1066 | FU12: 20.2566 | FV12: 21.1378 | FW12: 21.7597 | FX12: 23.5299 | FY12: 23.6355 | FZ12: 23.0462 | GA12: 21.9112 | GB12: 20.9451 | GC12: 22.4966 | GD12: 22.448 | GE12: 22.8373 | GF12: 19.4562 | GG12: 22.9109 | GH12: 20.1923 | GI12: 20.5387 | GJ12: 20.4461 | GK12: 22.6382 | GL12: 23.4012 | GM12: 20.2822 | GN12: 23.4952 | GO12: 23.652 | GP12: 23.6591 | GQ12: 23.5551 | GR12: 23.3245 | GS12: 23.6477 | GT12: 23.536 | GU12: 23.6462 | GV12: 23.6607 | GW12: 23.6425 | GX12: 23.2579 | GY12: 21.63 | GZ12: 21.3158 | HA12: 21.437 | HB12: 0 | HC12: 21.8489 | HD12: 21.603 | HE12: 21.8489 | HF12: 21.1495 | HG12: 21.1901 | HH12: 21.5014 | HI12: 21.8691 | HJ12: 22.0477 | HK12: 23.0287 | HL12: 21.4567 | HM12: 21.969 | HN12: 22.0311 | HO12: 21.9763 | HP12: 21.7383 | HQ12: 21.3729 | HR12: 23.5738 | HS12: 21.3588 | HT12: 21.7382 | HU12: 20.4875 | HV12: 20.9881 | HW12: 22.7281 | HX12: 22.7755 | HY12: 23.1859 | HZ12: 22.8894 | IA12: 23.4334 | IB12: 22.8894 | IC12: 23.0789 | ID12: 23.011
A13: 12 | B13: 22.7776 | C13: 22.633 | D13: 22.6561 | E13: 22.3819 | F13: 21.8882 | G13: 21.4606 | H13: 21.3485 | I13: 23.4732 | J13: 22.8774 | K13: 24.0977 | L13: 23.4511 | M13: 24.0319 | N13: 23.0139 | O13: 22.3302 | P13: 22.2459 | Q13: 22.0951 | R13: 23.2394 | S13: 23.1528 | T13: 23.3404 | U13: 22.3477 | V13: 22 | W13: 21.6166 | X13: 21.8122 | Y13: 22.1903 | Z13: 21.4183 | AA13: 21.6419 | AB13: 21.6873 | AC13: 22.3995 | AD13: 24.2648 | AE13: 22.616 | AF13: 22.7363 | AG13: 22.7611 | AH13: 24.4446 | AI13: 22.6117 | AJ13: 22.6201 | AK13: 23.7268 | AL13: 22.8256 | AM13: 22.3252 | AN13: 22.8021 | AO13: 22.8167 | AP13: 23.5875 | AQ13: 22.2219 | AR13: 23.5136 | AS13: 23.6569 | AT13: 24.6195 | AU13: 22.6356 | AV13: 24.8149 | AW13: 24.769 | AX13: 21.8447 | AY13: 23.6258 | AZ13: 23.0947 | BA13: 23.3355 | BB13: 24.582 | BC13: 24.3725 | BD13: 24.0193 | BE13: 23.4304 | BF13: 23.0627 | BG13: 23.7295 | BH13: 22.3039 | BI13: 25.0909 | BJ13: 24.3302 | BK13: 24.37 | BL13: 23.7893 | BM13: 23.8139 | BN13: 24.0199 | BO13: 24.2056 | BP13: 24.2472 | BQ13: 24.8982 | BR13: 24.4573 | BS13: 24.5078 | BT13: 24.6186 | BU13: 24.6833 | BV13: 24.6602 | BW13: 24.3344 | BX13: 22.9069 | BY13: 22.399 | BZ13: 22.8832 | CA13: 24.2892 | CB13: 24.059 | CC13: 22.3097 | CD13: 22.7318 | CE13: 23.2871 | CF13: 22.8311 | CG13: 22.8595 | CH13: 22.9005 | CI13: 22.9302 | CJ13: 22.9468 | CK13: 22.9225 | CL13: 22.8972 | CM13: 23.5017 | CN13: 22.9065 | CO13: 22.804 | CP13: 22.7879 | CQ13: 22.6612 | CR13: 22.5658 | CS13: 22.4732 | CT13: 22.7322 | CU13: 22.3568 | CV13: 0 | CW13: 23.4408 | CX13: 23.6828 | CY13: 22.8581 | CZ13: 22.2715 | DA13: 22.4579 | DB13: 23.2906 | DC13: 23.2701 | DD13: 23.8537 | DE13: 24.2252 | DF13: 24.2758 | DG13: 22.594 | DH13: 22.9743 | DI13: 24.4735 | DJ13: 24.0461 | DK13: 23.1024 | DL13: 21.3559 | DM13: 21.2633 | DN13: 23.4796 | DO13: 22.2979 | DP13: 22.7923 | DQ13: 23.4296 | DR13: 24.5929 | DS13: 22.8701 | DT13: 22.9214 | DU13: 22.5706 | DV13: 22.4941 | DW13: 22.5412 | DX13: 24.0875 | DY13: 24.1111 | DZ13: 22.3266 | EA13: 22.3324 | EB13: 22.6072 | EC13: 21.9181 | ED13: 20.1671 | EE13: 23.0972 | EF13: 22.7651 | EG13: 22.5412 | EH13: 22.8763 | EI13: 22.9141 | EJ13: 22.936 | EK13: 22.7346 | EL13: 20.9763 | EM13: 21.1573 | EN13: 22.3087 | EO13: 22.1021 | EP13: 24.5916 | EQ13: 22.1753 | ER13: 22.3534 | ES13: 22.121 | ET13: 24.1362 | EU13: 24.192 | EV13: 24.1057 | EW13: 24.2447 | EX13: 23.8283 | EY13: 22.7071 | EZ13: 23.2181 | FA13: 21.7813 | FB13: 22.5419 | FC13: 22.37 | FD13: 22.7151 | FE13: 22.7315 | FF13: 24.1404 | FG13: 0 | FH13: 23.8071 | FI13: 22.3864 | FJ13: 23.1238 | FK13: 23.3543 | FL13: 22.7466 | FM13: 22.7236 | FN13: 24.1147 | FO13: 23.0626 | FP13: 22.9113 | FQ13: 21.7947 | FR13: 20.1013 | FS13: 23.4112 | FT13: 20.131 | FU13: 21.2301 | FV13: 22.3788 | FW13: 23.0325 | FX13: 24.8775 | FY13: 24.9938 | FZ13: 24.4423 | GA13: 23.2167 | GB13: 22.1687 | GC13: 23.727 | GD13: 23.6761 | GE13: 24.0845 | GF13: 20.4628 | GG13: 24.2104 | GH13: 21.381 | GI13: 21.7476 | GJ13: 21.647 | GK13: 23.9427 | GL13: 24.7416 | GM13: 21.4693 | GN13: 24.7784 | GO13: 24.9382 | GP13: 24.9457 | GQ13: 24.8333 | GR13: 24.5784 | GS13: 24.9336 | GT13: 24.8171 | GU13: 24.9367 | GV13: 24.9474 | GW13: 24.9287 | GX13: 24.5077 | GY13: 22.9065 | GZ13: 22.5659 | HA13: 22.7317 | HB13: 0 | HC13: 23.1323 | HD13: 22.8788 | HE13: 23.1323 | HF13: 22.3913 | HG13: 22.435 | HH13: 22.771 | HI13: 23.1465 | HJ13: 23.3189 | HK13: 24.4236 | HL13: 22.7361 | HM13: 23.2304 | HN13: 23.289 | HO13: 23.2417 | HP13: 23.0242 | HQ13: 22.6285 | HR13: 24.7571 | HS13: 22.6039 | HT13: 23.0241 | HU13: 21.692 | HV13: 22.1387 | HW13: 24.1028 | HX13: 24.1534 | HY13: 24.5912 | HZ13: 24.1401 | IA13: 24.7128 | IB13: 24.1381 | IC13: 24.3489 | ID13: 24.2819
... A49: 48 | B49: 24.563 | C49: 24.2705 | D49: 24.3031 | E49: 23.9637 | F49: 23.3488 | G49: 22.9872 | H49: 22.8711 | I49: 25.0147 | J49: 24.5601 | K49: 25.7087 | L49: 25.0929 | M49: 25.6267 | N49: 24.6304 | O49: 23.943 | P49: 23.8397 | Q49: 23.6348 | R49: 24.8382 | S49: 24.7424 | T49: 25.1485 | U49: 23.987 | V49: 23.5122 | W49: 22.9447 | X49: 23.1941 | Y49: 23.7512 | Z49: 22.9545 | AA49: 23.2505 | AB49: 23.3091 | AC49: 24.0118 | AD49: 25.8055 | AE49: 24.2481 | AF49: 24.37 | AG49: 24.4089 | AH49: 25.8507 | AI49: 24.3845 | AJ49: 24.3669 | AK49: 25.3705 | AL49: 24.5012 | AM49: 23.9437 | AN49: 24.4561 | AO49: 24.6116 | AP49: 25.5716 | AQ49: 23.8041 | AR49: 25.1649 | AS49: 25.658 | AT49: 26.0658 | AU49: 24.4614 | AV49: 26.7683 | AW49: 26.7102 | AX49: 23.4175 | AY49: 25.5073 | AZ49: 24.9497 | BA49: 25.2684 | BB49: 26.4906 | BC49: 26.2928 | BD49: 25.9885 | BE49: 25.3936 | BF49: 24.6326 | BG49: 25.6363 | BH49: 24.067 | BI49: 27.2539 | BJ49: 26.2459 | BK49: 26.288 | BL49: 25.6929 | BM49: 25.7228 | BN49: 25.8163 | BO49: 26.0961 | BP49: 26.1408 | BQ49: 26.8726 | BR49: 26.4126 | BS49: 26.4883 | BT49: 26.5404 | BU49: 26.697 | BV49: 26.6803 | BW49: 26.2505 | BX49: 24.6732 | BY49: 23.9899 | BZ49: 24.4903 | CA49: 25.8342 | CB49: 25.6448 | CC49: 23.9135 | CD49: 24.1284 | CE49: 24.8726 | CF49: 24.5084 | CG49: 24.5415 | CH49: 24.5932 | CI49: 24.6348 | CJ49: 24.6454 | CK49: 24.6164 | CL49: 24.592 | CM49: 25.1163 | CN49: 24.5679 | CO49: 24.4503 | CP49: 24.4219 | CQ49: 24.2789 | CR49: 24.1699 | CS49: 24.0666 | CT49: 24.3409 | CU49: 23.9629 | CV49: 0 | CW49: 25.0797 | CX49: 25.3172 | CY49: 24.534 | CZ49: 23.8482 | DA49: 24.221 | DB49: 25.0655 | DC49: 25.0369 | DD49: 25.7068 | DE49: 26.1292 | DF49: 26.1867 | DG49: 24.018 | DH49: 24.6435 | DI49: 26.3901 | DJ49: 25.63 | DK49: 24.7811 | DL49: 22.849 | DM49: 22.6332 | DN49: 25.3961 | DO49: 24.0558 | DP49: 24.4125 | DQ49: 25.3917 | DR49: 26.5384 | DS49: 24.5369 | DT49: 24.6009 | DU49: 24.1914 | DV49: 24.2906 | DW49: 24.1771 | DX49: 25.6959 | DY49: 26.003 | DZ49: 24.0905 | EA49: 24.0968 | EB49: 24.211 | EC49: 23.508 | ED49: 21.6141 | EE49: 24.7099 | EF49: 24.4058 | EG49: 24.1968 | EH49: 24.565 | EI49: 24.595 | EJ49: 24.6256 | EK49: 24.5838 | EL49: 22.4742 | EM49: 22.6648 | EN49: 23.9127 | EO49: 23.6912 | EP49: 26.5364 | EQ49: 23.7777 | ER49: 23.9833 | ES49: 23.7256 | ET49: 26.0239 | EU49: 26.0811 | EV49: 25.8739 | EW49: 26.0272 | EX49: 25.5265 | EY49: 24.3404 | EZ49: 24.9777 | FA49: 23.3008 | FB49: 24.2252 | FC49: 23.9986 | FD49: 24.3402 | FE49: 24.3344 | FF49: 26.0383 | FG49: 0 | FH49: 25.5561 | FI49: 23.9687 | FJ49: 24.9791 | FK49: 25.2196 | FL49: 24.3509 | FM49: 24.314 | FN49: 25.6992 | FO49: 24.7765 | FP49: 24.5744 | FQ49: 23.6333 | FR49: 21.8577 | FS49: 25.2161 | FT49: 21.8868 | FU49: 23.7296 | FV49: 23.9921 | FW49: 24.8545 | FX49: 26.9444 | FY49: 27.087 | FZ49: 25.8643 | GA49: 24.8303 | GB49: 23.6915 | GC49: 25.6284 | GD49: 25.5724 | GE49: 25.9945 | GF49: 22.4543 | GG49: 26.082 | GH49: 22.9013 | GI49: 23.3229 | GJ49: 23.2549 | GK49: 25.8866 | GL49: 26.7941 | GM49: 23.0197 | GN49: 26.7214 | GO49: 26.8992 | GP49: 26.9074 | GQ49: 26.7873 | GR49: 26.5364 | GS49: 26.8944 | GT49: 26.7954 | GU49: 26.9171 | GV49: 26.9092 | GW49: 26.8882 | GX49: 26.4571 | GY49: 24.5679 | GZ49: 24.1702 | HA49: 24.3346 | HB49: 0 | HC49: 24.772 | HD49: 24.5618 | HE49: 24.772 | HF49: 24.0045 | HG49: 24.0539 | HH49: 24.4054 | HI49: 24.7081 | HJ49: 25.073 | HK49: 25.9316 | HL49: 24.3698 | HM49: 25.0817 | HN49: 25.0642 | HO49: 25.102 | HP49: 24.6486 | HQ49: 24.2674 | HR49: 26.8555 | HS49: 24.1963 | HT49: 24.6485 | HU49: 23.2489 | HV49: 23.907 | HW49: 25.6758 | HX49: 25.7157 | HY49: 26.0336 | HZ49: 26.0383 | IA49: 26.6526 | IB49: 26.0383 | IC49: 26.2539 | ID49: 26.1793

Sheet IEOD
A1: S/./MWh | B1: AGROLMOS 60 | C1: AGUAYTIA 13.8 | D1: AGUAYTIA 138 | E1: AGUAYTIA 22.9 | F1: AGUAYTIA 220 | G1: ALTO PRADERAS 220 | H1: ARICOTA 66 | I1: ARICOTA1 66 | J1: ARICOTA2 138 | K1: ASIA 220 | L1: AUCAYACU 138 | M1: AYAVIRI 138 | N1: AZANGARO 138 | O1: BELAUNDE 138 | P1: BIOENERGIA 13.8 | Q1: BOTIFLACA 138 | R1: CACHIMAYO 138 | S1: CACLIC 220 | T1: CAHUA 10 | U1: CAHUA 138 | V1: CAJAMARCA 220 | W1: CAJAMARQUILLA 220 | X1: CALLAHUANCA 60 | Y1: CALLAHUANCA EDEGEL 220 | Z1: CALLALLI 138 | AA1: CAMPO ARMIÑO 220 | AB1: CANTERA 220 | AC1: CARABAYLLO 220 | AD1: CARAPONGO 220 | AE1: CARHUAMAYO 138 | AF1: CARHUAQUERO 10 | AG1: CARHUAQUERO 10_S | AH1: CARHUAQUERO 138 | AI1: CARHUAQUERO 220 | AJ1: CARIPA 138 | AK1: CERRO CORONA 220 | AL1: CERRO DEL AGUILA 13.8 | AM1: CERRO DEL AGUILA 220 | AN1: CERRO VERDE 138 | AO1: CH OROYA 50 | AP1: CHAGLLA 13.8 | AQ1: CHAGLLA 220 | AR1: CHAPARRAL 138 | AS1: CHARCANI I 33 | AT1: CHARCANI IV 33 | AU1: CHARCANI VI 33 | AV1: CHAVARRIA 220 | AW1: CHEVES 13.8 | AX1: CHEVES 220 | AY1: CHICLAYO 220 | AZ1: CHILCA 500 | BA1: CHILCA CTM 220 | BB1: CHILCA DOS 13.8 | BC1: CHILCA I 16 | BD1: CHILCA REP 220 | BE1: CHILCA UNO 220 | BF1: CHILINA 138 | BG1: CHILINA 33 | BH1: CHILINAD 10.5 | BI1: CHILINATG 13.8 | BJ1: CHIMAY 13.8 | BK1: CHIMAY 220 | BL1: CHIMBOTE1 138 | BM1: CHIMBOTE1 220 | BN1: CHINCHA NUEVA 220 | BO1: CHIRIBAMBA 220 | BP1: COMBAPATA 138 | BQ1: CONDORCOCHA 138 | BR1: CONDORCOCHA 44 | BS1: COTARUSE 220 | BT1: CPATO 13.8 | BU1: CS COENERGY 22.9 | BV1: CT ETEN 220 | BW1: CT ILO2 17 | BX1: CT INDEPENDENCIA 60 | BY1: CT PISCO 60 | BZ1: CT PLANTA PUCALLPA 60 | CA1: CUTERVO 138 | CB1: DESIERTO 220 | CC1: DOLORESPATA 10.5 | CD1: DOLORESPATA 138 | CE1: DUNA HUAMBOS 34.5 | CF1: ERSUR 220 | CG1: ETEN 18 | CH1: FENIX 18 | CI1: FENIX 500 | CJ1: FLAMENCO 220 | CK1: GALLITO CIEGO 10.5 | CL1: GALLITO CIEGO 60 | CM1: GE1 33 | CN1: GUADALUPE 220 | CO1: GUADALUPE 60 | CP1: HUACHO 220 | CQ1: HUALLANCA 138 | CR1: HUALLIN 60 | CS1: HUAMPANI 60 | CT1: HUANCAVELICA 220 | CU1: HUANCHOR 50 | CV1: HUANUCO 138 | CW1: HUANZA 220 | CX1: HUAYLLACHO 15 | CY1: HUAYUCACHI 220 | CZ1: HUINCO 12.5 | DA1: HUINCO 220 | DB1: ICA 220 | DC1: ILO ELP 138 | DD1: ILO1 138 | DE1: ILO2 220 | DF1: ILO4 18 | DG1: INDEPENDENCIA 220 | DH1: INDEPENDENCIA 60 | DI1: INDUSTRIALES 220 | DJ1: INTIPAMPA 138 | DK1: JAEN 138 | DL1: JULIACA 10 | DM1: JULIACA 138 | DN1: KALLPA 16.5 | DO1: LA BREA 220 | DP1: LA NIÑA 220 | DQ1: LA RAMADA 220 | DR1: LA VIRGEN 138 | DS1: LANIÑA 500 | DT1: LAS FLORES 16.5 | DU1: LAS FLORES 220 | DV1: LOMERA 220 | DW1: LOS HEROES 220 | DX1: LOS HEROES 66 | DY1: MACHUPICCHU 138 | DZ1: MALPASO 50 | EA1: MALPASO 6.9 | EB1: MARAÑON 60 | EC1: MARCONA 220 | ED1: MARCONA 60 | EE1: MATUCANA 12.5 | EF1: MATUCANA 220 | EG1: MAZUCO 138 | EH1: MEDIO MUNDO 220 | EI1: MISAPUQUIO 33 | EJ1: MOLLENDO 13.8 | EK1: MOLLENDO 138 | EL1: MOLLEPATA 220 | EM1: MONTALVO 220 | EN1: MOQUEGUA 138 | EO1: MOQUEGUA 220 | EP1: MOYOPAMPA 60 | EQ1: NAZCA NUEVA 220 | ER1: NCTUMBES 60 | ES1: OLLEROS 16.5 | ET1: OLLEROS 500 | EU1: OQUENDO 60 | EV1: OROYA NUEVA 220 | EW1: OROYA NUEVA 50 | EX1: PACHACHACA 220 | EY1: PACHACHACA 50 | EZ1: PAQUILLUSI 220 | FA1: PARAGSHA2 138 | FB1: PARAGSHA2 220 | FC1: PARAMONGA EXISTENTE 138 | FD1: PARAMONGA NUEVA 138 | FE1: PARAMONGA NUEVA 220 | FF1: PARIAC 66 | FG1: PIEDRA BLANCA 34.5 | FH1: PIURA OESTE 220 | FI1: PLANICIE 220 | FJ1: PLANTA CASA GRANDE 13.8 | FK1: PLANTA SAN JACINTO 13.8 | FL1: PLANTAETANOL 60 | FM1: PLATANAL 13.8 | FN1: PLATANAL 220 | FO1: POMACOCHA 220 | FP1: POROMA 220 | FQ1: PUCALLPA 0.5 | FR1: PUCALLPA 138 | FS1: PUCALLPA 60 | FT1: PUERTO BRAVO 18 | FU1: PUERTO BRAVO 500 | FV1: PUERTO MALDONADO 0.5 | FW1: PUERTO MALDONADO 10 | FX1: PUERTO MALDONADO 138 | FY1: PUNO 138 | FZ1: PUNO 220 | GA1: PUNTA LOMITAS I | GB1: PUNTA LOMITAS II | GC1: PURMACANA 20 | GD1: QUENCORO 138 | GE1: QUITARACSA 220 | GF1: RECKA 18 | GG1: RECKA 220 | GH1: REPARTICION 138 | GI1: RESTITUCIÓN 220 | GJ1: RUBI 220 | GK1: S.E. ILO4 500 | GL1: SAN ANTONIO 15 | GM1: SAN GABAN 138 | GN1: SAN IGNACIO 15 | GO1: SAN JOSE 500 | GP1: SAN JUAN 220 | GQ1: SAN MARTIN 220 | GR1: SAN NICOLAS 13.8 | GS1: SANTA ANA 138 | GT1: SANTA ISABEL 220 | GU1: SANTA ROSA 220 | GV1: SANTA TERESA 220 | GW1: SANTIAGO DE CAO 138 | GX1: SANTUARIO 138 | GY1: SOCABAYA 138 | GZ1: SOCABAYA 220 | HA1: SROSATG7 | HB1: SROSATG8 | HC1: SROSAUTI | HD1: SUNNY 220 | HE1: TALARA 13.2 | HF1: TALARA 13.8 | HG1: TALARA 220 | HH1: TG5 16.5 | HI1: TINGO MARIA 138 | HJ1: TINTAYA EXISTENTE 138 | HK1: TINTAYA NUEVA 220 | HL1: TOCACHE 138 | HM1: TOQUEPALA 138 | HN1: TRUJILLO 220 | HO1: TUPURI 22.9 | HP1: VALLE DEL CHIRA 220 | HQ1: VENTANILLA 16 | HR1: VENTANILLA 220 | HS1: VIZCARRA 220 | HT1: YANANGO 220 | HU1: YARUCAYA 13.8 | HV1: YAUPI 13.8 | HW1: YAUPI 138 | HX1: ZAÑA 60 | HY1: ZAPALLAL 220 | HZ1: ZORRITOS 220 | IA1: ALTO LA LUNA 10 | IB1: ALTO LA LUNA 60 | IC1: FUNSUR 60 | ID1: HUARANGO 60 | IE1: INDEPENDENCIA 10 | IF1: LOMAS 60 | IG1: PARACAS 10 | IH1: PARACAS 22 | II1: PISCO 10 | IJ1: VILLACURI 22.9 | IK1: VILLACURI 60
A2: 46049.021 | B2: 103.76167 | C2: 98.905704 | D2: 99.055139 | E2: 98.971436 | F2: 98.905704 | G2: 99.312682 | H2: 105.7945 | I2: 105.40834 | J2: 106.04563 | K2: 99.192842 | L2: 100.01571 | M2: 101.48745 | N2: 99.799588 | O2: 104.5148 | P2: 96.17019 | Q2: 105.66212 | R2: 99.156482 | S2: 103.09739 | T2: 90.251189 | U2: 90.972484 | V2: 101.95933 | W2: 99.493893 | X2: 96.176496 | Y2: 97.946075 | Z2: 104.33706 | AA2: 95.025244 | AB2: 99.678252 | AC2: 99.503289 | AD2: 99.264113 | AE2: 93.696422 | AF2: 100.87024 | AG2: 102.45747 | AH2: 101.74758 | AI2: 101.73026 | AJ2: 92.201714 | AK2: 102.19474 | AL2: 94.739498 | AM2: 95.243184 | AN2: 104.01378 | AO2: 94.702529 | AP2: 88.000317 | AQ2: 88.404272 | AR2: 105.75013 | AS2: 99.582733 | AT2: 96.922884 | AU2: 103.32987 | AV2: 99.83001 | AW2: 96.948054 | AX2: 97.203225 | AY2: 104.27561 | AZ2: 98.783838 | BA2: 98.705997 | BB2: 98.17511 | BC2: 98.547095 | BD2: 98.647865 | BE2: 98.685693 | BF2: 103.02577 | BG2: 103.34112 | BH2: 103.34112 | BI2: 103.34112 | BJ2: 95.557537 | BK2: 96.187806 | BL2: 102.12076 | BM2: 101.86181 | BN2: 99.954977 | BO2: 97.800932 | BP2: 101.92027 | BQ2: 92.235243 | BR2: 92.282836 | BS2: 99.417311 | BT2: 96.61679 | BU2: 102.83904 | BV2: 104.24872 | BW2: 104.06157 | BX2: 100.31315 | BY2: 100.31315 | BZ2: 101.56436 | CA2: 102.86159 | CB2: 99.946588 | CC2: 99.958178 | CD2: 99.533846 | CE2: 102.19948 | CF2: 99.230935 | CG2: 104.24872 | CH2: 98.341668 | CI2: 98.700362 | CJ2: 100.09232 | CK2: 105.82351 | CL2: 105.82351 | CM2: 104.40813 | CN2: 104.10743 | CO2: 105.30438 | CP2: 98.746379 | CQ2: 97.491297 | CR2: 99.790841 | CS2: 97.0991 | CT2: 96.517036 | CU2: 107.83919 | CV2: 97.692521 | CW2: 98.191047 | CX2: 106.95925 | CY2: 95.915621 | CZ2: 98.724493 | DA2: 98.929074 | DB2: 99.428082 | DC2: 105.91025 | DD2: 106.14091 | DE2: 104.06157 | DF2: 103.65184 | DG2: 99.722089 | DH2: 100.31315 | DI2: 99.823902 | DJ2: 104.1765 | DK2: 104.57176 | DL2: 102.28143 | DM2: 101.99889 | DN2: 98.582298 | DO2: 104.59208 | DP2: 104.05714 | DQ2: 100.75001 | DR2: 88.914244 | DS2: 103.97801 | DT2: 97.899427 | DU2: 98.299163 | DV2: 99.245107 | DW2: 104.57803 | DX2: 104.85742 | DY2: 94.359149 | DZ2: 92.70764 | EA2: 92.70764 | EB2: 93.517803 | EC2: 99.900564 | ED2: 100.12754 | EE2: 96.765529 | EF2: 97.274988 | EG2: 91.594896 | EH2: 98.755422 | EI2: 115.48411 | EJ2: 106.36164 | EK2: 106.36164 | EL2: 96.891949 | EM2: 103.79149 | EN2: 104.1765 | EO2: 104.06157 | EP2: 97.938391 | EQ2: 99.489706 | ER2: 104.60494 | ES2: 98.783838 | ET2: 98.783838 | EU2: 100.73491 | EV2: 96.085281 | EW2: 95.267066 | EX2: 96.932335 | EY2: 101.35482 | EZ2: 96.088947 | FA2: 94.916588 | FB2: 93.673975 | FC2: 98.31628 | FD2: 98.58152 | FE2: 98.692602 | FF2: 107.67192 | FG2: 97.403475 | FH2: 104.72358 | FI2: 99.736489 | FJ2: 119.36982 | FK2: 103.28139 | FL2: 105.38783 | FM2: 93.393973 | FN2: 94.008573 | FO2: 97.320123 | FP2: 100.10171 | FQ2: 101.57584 | FR2: 101.37848 | FS2: 101.56436 | FT2: 103.27734 | FU2: 103.27734 | FV2: 97.296252 | FW2: 97.296252 | FX2: 96.653427 | FY2: 102.30249 | FZ2: 102.21094 | GA2: 97.432531 | GB2: 96.737536 | GC2: 100.54345 | GD2: 99.541042 | GE2: 99.680825 | GF2: 104.24872 | GG2: 104.24872 | GH2: 105.26381 | GI2: 94.992431 | GJ2: 103.79149 | GK2: 103.65184 | GL2: 106.8496 | GM2: 89.149605 | GN2: 106.8496 | GO2: 103.27734 | GP2: 99.44252 | GQ2: 103.42476 | GR2: 101.73682 | GS2: 96.829203 | GT2: 92.707024 | GU2: 99.633273 | GV2: 96.059059 | GW2: 103.82838 | GX2: 102.53981 | GY2: 103.51706 | GZ2: 103.35991 | HA2: 99.633273 | HB2: 99.633273 | HC2: 99.633273 | HD2: 103.42476 | HE2: 104.42436 | HF2: 104.60494 | HG2: 104.60494 | HH2: 104.60494 | HI2: 98.406316 | HJ2: 104.5235 | HK2: 104.20163 | HL2: 103.32824 | HM2: 106.54673 | HN2: 103.00258 | HO2: 87.495612 | HP2: 104.77859 | HQ2: 99.27478 | HR2: 99.561092 | HS2: 97.141554 | HT2: 97.147468 | HU2: 93.278891 | HV2: 90.770839 | HW2: 91.225296 | HX2: 97.074513 | HY2: 99.529237 | HZ2: 105.35089
A3: 46049.042 | B3: 104.54942 | C3: 99.392459 | D3: 99.53598 | E3: 99.453207 | F3: 99.392459 | G3: 100.47701 | H3: 106.86141 | I3: 106.45335 | J3: 107.12129 | K3: 100.53898 | L3: 100.48639 | M3: 102.68569 | N3: 101.05887 | O3: 105.10265 | P3: 96.890998 | Q3: 106.77259 | R3: 99.804142 | S3: 103.70848 | T3: 90.74738 | U3: 91.4801 | V3: 102.59503 | W3: 100.42506 | X3: 97.045962 | Y3: 98.874802 | Z3: 105.41404 | AA3: 95.925318 | AB3: 101.20972 | AC3: 100.40348 | AD3: 100.20514 | AE3: 94.374604 | AF3: 101.41513 | AG3: 103.05392 | AH3: 102.33634 | AI3: 102.32725 | AJ3: 92.960381 | AK3: 102.83086 | AL3: 95.611915 | AM3: 96.131598 | AN3: 105.05311 | AO3: 95.614587 | AP3: 88.586889 | AQ3: 88.996051 | AR3: 106.76515 | AS3: 100.50743 | AT3: 97.787138 | AU3: 104.34001 | AV3: 100.7172 | AW3: 97.384495 | AX3: 97.673774 | AY3: 105.01302 | AZ3: 99.798961 | BA3: 99.799643 | BB3: 99.257309 | BC3: 99.633426 | BD3: 99.888733 | BE3: 99.778572 | BF3: 104.03874 | BG3: 104.34544 | BH3: 104.34544 | BI3: 104.34544 | BJ3: 96.474093 | BK3: 97.107089 | BL3: 103.13834 | BM3: 102.80051 | BN3: 101.69958 | BO3: 99.240735 | BP3: 102.75343 | BQ3: 92.999374 | BR3: 93.047362 | BS3: 100.28451 | BT3: 96.928686 | BU3: 104.76378 | BV3: 104.99508 | BW3: 105.12039 | BX3: 102.19062 | BY3: 102.19062 | BZ3: 101.94957 | CA3: 103.34719 | CB3: 101.60175 | CC3: 100.58679 | CD3: 100.16788 | CE3: 102.71887 | CF3: 100.33338 | CG3: 104.99508 | CH3: 99.361829 | CI3: 99.716433 | CJ3: 101.09169 | CK3: 106.53814 | CL3: 106.53814 | CM3: 105.19694 | CN3: 104.90077 | CO3: 106.12528 | CP3: 99.4222 | CQ3: 97.89186 | CR3: 100.21911 | CS3: 97.878663 | CT3: 97.670608 | CU3: 108.29049 | CV3: 98.189631 | CW3: 98.942561 | CX3: 108.0633 | CY3: 96.736191 | CZ3: 99.576455 | DA3: 99.830429 | DB3: 101.2075 | DC3: 106.98846 | DD3: 107.21623 | DE3: 105.12039 | DF3: 104.70247 | DG3: 101.587 | DH3: 102.19062 | DI3: 100.81477 | DJ3: 105.23936 | DK3: 105.06544 | DL3: 103.39186 | DM3: 103.10916 | DN3: 99.811893 | DO3: 105.38423 | DP3: 104.87206 | DQ3: 101.35254 | DR3: 89.59928 | DS3: 104.79959 | DT3: 98.980305 | DU3: 99.386369 | DV3: 100.00576 | DW3: 105.62472 | DX3: 105.89582 | DY3: 94.955931 | DZ3: 93.995483 | EA3: 93.995483 | EB3: 94.120094 | EC3: 100.98396 | ED3: 101.20967 | EE3: 97.726886 | EF3: 98.222222 | EG3: 93.860149 | EH3: 99.433033 | EI3: 116.67616 | EJ3: 107.3582 | EK3: 107.3582 | EL3: 98.024937 | EM3: 104.84652 | EN3: 105.23936 | EO3: 105.12039 | EP3: 98.811362 | EQ3: 100.80944 | ER3: 105.39682 | ES3: 99.798961 | ET3: 99.798961 | EU3: 101.62306 | EV3: 96.937099 | EW3: 96.120688 | EX3: 97.836757 | EY3: 101.77898 | EZ3: 97.005113 | FA3: 95.59659 | FB3: 94.333951 | FC3: 98.940314 | FD3: 99.242104 | FE3: 99.368474 | FF3: 108.24893 | FG3: 97.869867 | FH3: 105.53515 | FI3: 100.69062 | FJ3: 120.29873 | FK3: 104.2633 | FL3: 106.78903 | FM3: 97.095437 | FN3: 97.420242 | FO3: 98.246446 | FP3: 101.10487 | FQ3: 101.96109 | FR3: 101.77071 | FS3: 101.94957 | FT3: 104.328 | FU3: 104.328 | FV3: 99.410344 | FW3: 99.410344 | FX3: 98.784068 | FY3: 103.39549 | FZ3: 103.3196 | GA3: 99.231638 | GB3: 98.482773 | GC3: 101.22521 | GD3: 100.16957 | GE3: 100.25293 | GF3: 104.99508 | GG3: 104.99508 | GH3: 106.29358 | GI3: 95.891778 | GJ3: 104.84652 | GK3: 104.70247 | GL3: 107.95251 | GM3: 91.485324 | GN3: 107.95251 | GO3: 104.328 | GP3: 100.55512 | GQ3: 104.48065 | GR3: 102.86265 | GS3: 97.731216 | GT3: 93.319884 | GU3: 100.64365 | GV3: 96.751524 | GW3: 104.63635 | GX3: 103.55397 | GY3: 104.5555 | GZ3: 104.40031 | HA3: 100.64365 | HB3: 100.64365 | HC3: 100.64365 | HD3: 104.48065 | HE3: 105.21187 | HF3: 105.39682 | HG3: 105.39682 | HH3: 105.39682 | HI3: 98.89267 | HJ3: 105.58508 | HK3: 105.27407 | HL3: 103.77713 | HM3: 107.65243 | HN3: 103.83635 | HO3: 89.787997 | HP3: 105.57664 | HQ3: 100.15062 | HR3: 100.44168 | HS3: 97.767747 | HT3: 98.075194 | HU3: 93.917292 | HV3: 91.325137 | HW3: 91.794462 | HX3: 97.750382 | HY3: 100.41905 | HZ3: 106.13469
A4: 46049.062 | B4: 103.13718 | C4: 98.231197 | D4: 98.365332 | E4: 98.290256 | F4: 98.231197 | G4: 99.08661 | H4: 105.00089 | I4: 104.58331 | J4: 105.26237 | K4: 99.098563 | L4: 99.305094 | M4: 101.8557 | N4: 100.53196 | O4: 103.6601 | P4: 95.914806 | Q4: 104.96253 | R4: 98.116492 | S4: 102.33256 | T4: 90.604613 | U4: 91.259259 | V4: 101.28677 | W4: 99.093282 | X4: 95.950876 | Y4: 97.602507 | Z4: 103.79369 | AA4: 94.733609 | AB4: 99.583173 | AC4: 99.113903 | AD4: 98.88979 | AE4: 93.418735 | AF4: 100.19044 | AG4: 101.75667 | AH4: 101.02584 | AI4: 101.022 | AJ4: 91.735593 | AK4: 101.50707 | AL4: 94.478523 | AM4: 94.962725 | AN4: 103.34729 | AO4: 93.677368 | AP4: 88.033503 | AQ4: 88.413314 | AR4: 104.91606 | AS4: 99.064221 | AT4: 96.525082 | AU4: 102.64778 | AV4: 99.367539 | AW4: 96.469882 | AX4: 96.726091 | AY4: 103.50249 | AZ4: 98.564904 | BA4: 98.536805 | BB4: 98.037859 | BC4: 98.437975 | BD4: 98.557686 | BE4: 98.522013 | BF4: 102.38527 | BG4: 102.64757 | BH4: 102.64757 | BI4: 102.64757 | BJ4: 95.264622 | BK4: 95.883332 | BL4: 101.75967 | BM4: 101.44829 | BN4: 99.909566 | BO4: 97.661922 | BP4: 101.21744 | BQ4: 91.774869 | BR4: 91.822225 | BS4: 98.747324 | BT4: 96.236687 | BU4: 102.82713 | BV4: 103.47116 | BW4: 103.44387 | BX4: 100.30154 | BY4: 100.30154 | BZ4: 100.6185 | CA4: 101.90362 | CB4: 99.877051 | CC4: 98.84024 | CD4: 98.46881 | CE4: 101.34153 | CF4: 98.710014 | CG4: 103.47116 | CH4: 98.207091 | CI4: 98.497343 | CJ4: 99.591615 | CK4: 104.73456 | CL4: 104.73456 | CM4: 104.48459 | CN4: 103.30642 | CO4: 104.43196 | CP4: 98.275059 | CQ4: 97.080705 | CR4: 99.25439 | CS4: 96.611752 | CT4: 96.284431 | CU4: 106.70609 | CV4: 97.009157 | CW4: 97.940178 | CX4: 106.40224 | CY4: 95.601854 | CZ4: 98.386628 | DA4: 98.566058 | DB4: 99.403654 | DC4: 105.16178 | DD4: 105.37399 | DE4: 103.44387 | DF4: 103.03637 | DG4: 99.721274 | DH4: 100.30154 | DI4: 99.460298 | DJ4: 103.55128 | DK4: 103.59786 | DL4: 102.3331 | DM4: 102.07355 | DN4: 98.494842 | DO4: 104.6675 | DP4: 103.54617 | DQ4: 100.15252 | DR4: 88.565463 | DS4: 103.48703 | DT4: 97.775891 | DU4: 98.152998 | DV4: 98.785041 | DW4: 103.9043 | DX4: 104.15926 | DY4: 93.510675 | DZ4: 89.38542 | EA4: 89.38542 | EB4: 93.090016 | EC4: 99.434303 | ED4: 99.646561 | EE4: 96.506588 | EF4: 96.979506 | EG4: 95.942065 | EH4: 98.285157 | EI4: 114.8827 | EJ4: 105.45362 | EK4: 105.45362 | EL4: 96.61222 | EM4: 103.17967 | EN4: 103.55128 | EO4: 103.44387 | EP4: 97.432589 | EQ4: 99.210314 | ER4: 104.72802 | ES4: 98.564904 | ET4: 98.564904 | EU4: 100.27435 | EV4: 95.640527 | EW4: 94.657487 | EX4: 96.549458 | EY4: 100.28984 | EZ4: 96.584021 | FA4: 94.538772 | FB4: 93.368769 | FC4: 97.932351 | FD4: 98.141071 | FE4: 98.2285 | FF4: 107.27367 | FG4: 96.808872 | FH4: 104.35703 | FI4: 99.387624 | FJ4: 118.51063 | FK4: 102.82444 | FL4: 105.63515 | FM4: 94.974243 | FN4: 95.39203 | FO4: 96.942517 | FP4: 99.608861 | FQ4: 100.62987 | FR4: 100.45153 | FS4: 100.6185 | FT4: 102.6691 | FU4: 102.6691 | FV4: 100.9776 | FW4: 100.9776 | FX4: 100.40927 | FY4: 102.25902 | FZ4: 102.2014 | GA4: 97.489671 | GB4: 97.052083 | GC4: 100.04944 | GD4: 98.486538 | GE4: 99.155689 | GF4: 103.47116 | GG4: 103.47116 | GH4: 104.48864 | GI4: 94.702139 | GJ4: 103.17967 | GK4: 103.03637 | GL4: 106.29315 | GM4: 93.788615 | GN4: 106.29315 | GO4: 102.6691 | GP4: 99.152491 | GQ4: 102.80949 | GR4: 101.1726 | GS4: 96.503272 | GT4: 92.408275 | GU4: 99.262686 | GV4: 95.283773 | GW4: 103.08105 | GX4: 101.95534 | GY4: 102.88615 | GZ4: 102.75485 | HA4: 99.262686 | HB4: 99.262686 | HC4: 99.262686 | HD4: 102.80949 | HE4: 104.7858 | HF4: 104.72802 | HG4: 104.72802 | HH4: 104.72802 | HI4: 97.790001 | HJ4: 104.22923 | HK4: 103.95101 | HL4: 102.42996 | HM4: 105.79161 | HN4: 102.40401 | HO4: 92.048555 | HP4: 104.54028 | HQ4: 98.844187 | HR4: 99.115793 | HS4: 96.696931 | HT4: 96.822192 | HU4: 92.833667 | HV4: 90.498458 | HW4: 90.950539 | HX4: 96.323342 | HY4: 99.125074 | HZ4: 105.36836
A5: 46049.083 | B5: 103.47892 | C5: 98.496988 | D5: 98.637312 | E5: 98.558536 | F5: 98.496988 | G5: 99.479764 | H5: 105.69701 | I5: 105.29895 | J5: 105.97037 | K5: 99.542897 | L5: 99.570933 | M5: 102.83199 | N5: 101.4768 | O5: 103.93184 | P5: 96.258894 | Q5: 105.71895 | R5: 98.767873 | S5: 102.59209 | T5: 89.684436 | U5: 90.431288 | V5: 101.51721 | W5: 99.449271 | X5: 96.299383 | Y5: 97.957576 | Z5: 104.71141 | AA5: 95.061298 | AB5: 100.12706 | AC5: 99.399663 | AD5: 99.236595 | AE5: 93.55259 | AF5: 100.30924 | AG5: 101.92037 | AH5: 101.20229 | AI5: 101.20034 | AJ5: 92.109941 | AK5: 101.74082 | AL5: 94.789992 | AM5: 95.286766 | AN5: 104.1225 | AO5: 94.739162 | AP5: 87.820457 | AQ5: 88.225116 | AR5: 105.75067 | AS5: 99.579888 | AT5: 96.888716 | AU5: 103.38012 | AV5: 99.681367 | AW5: 96.812581 | AX5: 97.05945 | AY5: 103.80101 | AZ5: 98.808552 | BA5: 98.823562 | BB5: 98.294502 | BC5: 98.659511 | BD5: 98.939926 | BE5: 98.802844 | BF5: 103.1108 | BG5: 103.37779 | BH5: 103.37779 | BI5: 103.37779 | BJ5: 95.619476 | BK5: 96.224664 | BL5: 101.96365 | BM5: 101.68777 | BN5: 100.5674 | BO5: 98.19525 | BP5: 102.04146 | BQ5: 92.139651 | BR5: 92.187195 | BS5: 99.372899 | BT5: 96.277397 | BU5: 103.53916 | BV5: 103.76714 | BW5: 104.21543 | BX5: 100.99608 | BY5: 100.99608 | BZ5: 100.99493 | CA5: 102.10148 | CB5: 100.5102 | CC5: 99.516552 | CD5: 99.142526 | CE5: 101.51694 | CF5: 99.292363 | CG5: 103.76714 | CH5: 98.387868 | CI5: 98.729128 | CJ5: 100.11442 | CK5: 105.00628 | CL5: 105.00628 | CM5: 104.87321 | CN5: 103.58905 | CO5: 104.75644 | CP5: 98.55269 | CQ5: 97.164969 | CR5: 99.427389 | CS5: 96.89209 | CT5: 96.718038 | CU5: 107.70716 | CV5: 97.252528 | CW5: 98.223654 | CX5: 107.34302 | CY5: 95.907911 | CZ5: 98.75731 | DA5: 98.954284 | DB5: 100.15197 | DC5: 105.98178 | DD5: 106.2177 | DE5: 104.21543 | DF5: 103.79223 | DG5: 100.40372 | DH5: 100.99608 | DI5: 99.7163 | DJ5: 104.3222 | DK5: 103.79902 | DL5: 103.30292 | DM5: 103.03061 | DN5: 98.872426 | DO5: 105.06215 | DP5: 103.88514 | DQ5: 100.35074 | DR5: 88.778896 | DS5: 103.82615 | DT5: 98.013092 | DU5: 98.414761 | DV5: 99.067392 | DW5: 104.70797 | DX5: 104.99353 | DY5: 93.956217 | DZ5: 93.102481 | EA5: 93.102481 | EB5: 93.305118 | EC5: 100.03849 | ED5: 100.26904 | EE5: 96.849209 | EF5: 97.327457 | EG5: 96.560186 | EH5: 98.545869 | EI5: 115.89846 | EJ5: 106.30916 | EK5: 106.30916 | EL5: 97.059224 | EM5: 103.93887 | EN5: 104.3222 | EO5: 104.21543 | EP5: 97.769681 | EQ5: 99.914718 | ER5: 105.12966 | ES5: 98.808552 | ET5: 98.808552 | EU5: 100.57364 | EV5: 96.04821 | EW5: 95.241847 | EX5: 96.928478 | EY5: 101.23072 | EZ5: 97.778273 | FA5: 94.756705 | FB5: 93.504356 | FC5: 98.029379 | FD5: 98.341838 | FE5: 98.472667 | FF5: 107.41641 | FG5: 96.980435 | FH5: 104.72915 | FI5: 99.547408 | FJ5: 118.99075 | FK5: 103.09636 | FL5: 105.97493 | FM5: 96.805972 | FN5: 97.053734 | FO5: 97.324931 | FP5: 100.13383 | FQ5: 101.00634 | FR5: 100.8202 | FS5: 100.99493 | FT5: 103.40601 | FU5: 103.40601 | FV5: 101.75696 | FW5: 101.75696 | FX5: 101.17019 | FY5: 103.18269 | FZ5: 103.11614 | GA5: 98.454486 | GB5: 97.965491 | GC5: 100.3096 | GD5: 99.171544 | GE5: 99.324346 | GF5: 103.76714 | GG5: 103.76714 | GH5: 105.30663 | GI5: 95.028206 | GJ5: 103.93887 | GK5: 103.79223 | GL5: 107.23297 | GM5: 94.351327 | GN5: 107.23297 | GO5: 103.40601 | GP5: 99.538383 | GQ5: 103.5543 | GR5: 101.94394 | GS5: 96.818273 | GT5: 92.506485 | GU5: 99.622241 | GV5: 95.783465 | GW5: 103.49866 | GX5: 102.66678 | GY5: 103.64044 | GZ5: 103.50786 | HA5: 99.622241 | HB5: 99.622241 | HC5: 99.622241 | HD5: 103.5543 | HE5: 105.20407 | HF5: 105.12966 | HG5: 105.12966 | HH5: 105.12966 | HI5: 98.003735 | HJ5: 105.24155 | HK5: 104.94925 | HL5: 102.82552 | HM5: 106.50925 | HN5: 102.71047 | HO5: 92.600827 | HP5: 104.91867 | HQ5: 99.122424 | HR5: 99.41014 | HS5: 96.920307 | HT5: 97.157951 | HU5: 93.095926 | HV5: 90.481583 | HW5: 90.961463 | HX5: 96.606932 | HY5: 99.412345 | HZ5: 105.79708
A6: 46049.104 | B6: 103.12555 | C6: 98.36075 | D6: 98.491982 | E6: 98.418105 | F6: 98.36075 | G6: 99.147848 | H6: 105.29778 | I6: 104.89772 | J6: 105.56632 | K6: 99.13258 | L6: 99.400197 | M6: 103.19403 | N6: 102.06822 | O6: 103.61891 | P6: 95.808619 | Q6: 105.37185 | R6: 98.534287 | S6: 102.33682 | T6: 91.333016 | U6: 91.954349 | V6: 101.34029 | W6: 99.262336 | X6: 96.249125 | Y6: 97.807824 | Z6: 104.50227 | AA6: 95.004159 | AB6: 99.566607 | AC6: 99.229854 | AD6: 99.065247 | AE6: 93.612793 | AF6: 100.19547 | AG6: 101.76445 | AH6: 101.02623 | AI6: 101.03195 | AJ6: 91.919181 | AK6: 101.56728 | AL6: 94.767008 | AM6: 95.243733 | AN6: 103.79975 | AO6: 93.83721 | AP6: 88.236565 | AQ6: 88.616543 | AR6: 105.2911 | AS6: 99.505683 | AT6: 96.96403 | AU6: 103.09885 | AV6: 99.471765 | AW6: 97.394606 | AX6: 97.577095 | AY6: 103.4844 | AZ6: 98.671397 | BA6: 98.628941 | BB6: 98.132302 | BC6: 98.497576 | BD6: 98.63112 | BE6: 98.611414 | BF6: 102.85568 | BG6: 103.09458 | BH6: 103.09458 | BI6: 103.09458 | BJ6: 95.76408 | BK6: 96.278511 | BL6: 101.84724 | BM6: 101.53034 | BN6: 99.897292 | BO6: 97.764515 | BP6: 101.8933 | BQ6: 91.962777 | BR6: 92.01023 | BS6: 99.131982 | BT6: 96.350221 | BU6: 102.76599 | BV6: 103.45736 | BW6: 103.91973 | BX6: 100.2419 | BY6: 100.2419 | BZ6: 100.69722 | CA6: 101.76247 | CB6: 99.888585 | CC6: 99.263917 | CD6: 98.91135 | CE6: 101.2527 | CF6: 99.250437 | CG6: 103.45736 | CH6: 98.32354 | CI6: 98.605715 | CJ6: 99.929244 | CK6: 104.59284 | CL6: 104.59284 | CM6: 104.3574 | CN6: 103.31526 | CO6: 104.39952 | CP6: 98.682096 | CQ6: 97.190096 | CR6: 99.367652 | CS6: 96.707696 | CT6: 96.47276 | CU6: 106.72925 | CV6: 97.161791 | CW6: 98.088505 | CX6: 107.12862 | CY6: 95.818544 | CZ6: 98.950616 | DA6: 98.950616 | DB6: 99.46571 | DC6: 105.57012 | DD6: 105.79892 | DE6: 103.91973 | DF6: 103.50337 | DG6: 99.696807 | DH6: 100.2419 | DI6: 99.474225 | DJ6: 104.02356 | DK6: 103.45437 | DL6: 103.58551 | DM6: 103.33508 | DN6: 98.567332 | DO6: 104.54699 | DP6: 103.5276 | DQ6: 100.24013 | DR6: 88.761116 | DS6: 103.46969 | DT6: 97.869123 | DU6: 98.245685 | DV6: 99.040949 | DW6: 104.37838 | DX6: 104.64728 | DY6: 93.878062 | DZ6: 89.503012 | EA6: 89.503012 | EB6: 93.283871 | EC6: 99.862763 | ED6: 100.07742 | EE6: 96.770256 | EF6: 97.217947 | EG6: 97.773908 | EH6: 98.657083 | EI6: 115.66698 | EJ6: 105.7799 | EK6: 105.7799 | EL6: 96.785897 | EM6: 103.64941 | EN6: 104.02356 | EO6: 103.91973 | EP6: 97.532786 | EQ6: 99.579143 | ER6: 104.6133 | ES6: 98.671397 | ET6: 98.671397 | EU6: 100.37378 | EV6: 95.827093 | EW6: 94.824198 | EX6: 96.743222 | EY6: 100.31161 | EZ6: 99.250982 | FA6: 94.796065 | FB6: 93.574229 | FC6: 98.296315 | FD6: 98.490739 | FE6: 98.572186 | FF6: 107.35914 | FG6: 96.945851 | FH6: 104.28118 | FI6: 99.362133 | FJ6: 118.66375 | FK6: 102.91182 | FL6: 105.52598 | FM6: 95.500508 | FN6: 95.86514 | FO6: 97.115997 | FP6: 99.950158 | FQ6: 100.7086 | FR6: 100.53378 | FS6: 100.69722 | FT6: 103.12479 | FU6: 103.12479 | FV6: 102.66357 | FW6: 102.66357 | FX6: 102.11182 | FY6: 103.42225 | FZ6: 103.3399 | GA6: 97.884998 | GB6: 97.323545 | GC6: 100.40592 | GD6: 98.951848 | GE6: 99.271473 | GF6: 103.45736 | GG6: 103.45736 | GH6: 104.90256 | GI6: 94.972783 | GJ6: 103.64941 | GK6: 103.50337 | GL6: 107.01879 | GM6: 95.696569 | GN6: 107.01879 | GO6: 103.12479 | GP6: 99.212713 | GQ6: 103.26753 | GR6: 101.65288 | GS6: 96.74932 | GT6: 92.60466 | GU6: 99.360306 | GV6: 95.676769 | GW6: 103.21424 | GX6: 102.45112 | GY6: 103.3487 | GZ6: 103.23271 | HA6: 99.360306 | HB6: 99.360306 | HC6: 99.360306 | HD6: 103.26753 | HE6: 104.68027 | HF6: 104.6133 | HG6: 104.6133 | HH6: 104.6133 | HI6: 97.916174 | HJ6: 105.18392 | HK6: 104.90833 | HL6: 102.48166 | HM6: 106.09969 | HN6: 102.45821 | HO6: 93.921111 | HP6: 104.43996 | HQ6: 98.944679 | HR6: 99.218095 | HS6: 96.898046 | HT6: 97.093086 | HU6: 93.218167 | HV6: 90.669161 | HW6: 91.128713 | HX6: 96.299258 | HY6: 99.243832 | HZ6: 105.22329
A7: 46049.125 | B7: 102.71504 | C7: 98.064602 | D7: 98.200558 | E7: 98.124882 | F7: 98.064602 | G7: 99.031854 | H7: 105.70776 | I7: 105.30281 | J7: 105.97887 | K7: 99.049829 | L7: 99.077382 | M7: 103.3645 | N7: 102.16825 | O7: 103.13194 | P7: 95.417939 | Q7: 105.67918 | R7: 98.555629 | S7: 101.83597 | T7: 89.549048 | U7: 90.265775 | V7: 100.82657 | W7: 99.068471 | X7: 95.936429 | Y7: 97.594472 | Z7: 104.73374 | AA7: 94.685341 | AB7: 99.507106 | AC7: 98.9856 | AD7: 98.870264 | AE7: 93.214825 | AF7: 99.647605 | AG7: 101.22808 | AH7: 100.50863 | AI7: 100.51605 | AJ7: 91.83647 | AK7: 101.06332 | AL7: 94.400488 | AM7: 94.902654 | AN7: 103.96044 | AO7: 94.43882 | AP7: 87.533576 | AQ7: 87.935763 | AR7: 105.5372 | AS7: 99.450289 | AT7: 96.768606 | AU7: 103.24247 | AV7: 99.252882 | AW7: 95.730092 | AX7: 96.041236 | AY7: 103.03584 | AZ7: 98.476361 | BA7: 98.461373 | BB7: 97.945908 | BC7: 98.389047 | BD7: 98.505202 | BE7: 98.448621 | BF7: 102.98086 | BG7: 103.23691 | BH7: 103.23691 | BI7: 103.23691 | BJ7: 95.14224 | BK7: 95.784874 | BL7: 101.20719 | BM7: 100.98685 | BN7: 99.870491 | BO7: 97.598509 | BP7: 102.12306 | BQ7: 91.875442 | BR7: 91.92285 | BS7: 99.089261 | BT7: 95.643087 | BU7: 102.76898 | BV7: 103.00539 | BW7: 104.10529 | BX7: 100.24482 | BY7: 100.24482 | BZ7: 100.4845 | CA7: 101.2689 | CB7: 99.843006 | CC7: 99.305485 | CD7: 98.951873 | CE7: 100.73629 | CF7: 98.950838 | CG7: 103.00539 | CH7: 98.089129 | CI7: 98.403247 | CJ7: 99.837181 | CK7: 104.14814 | CL7: 104.14814 | CM7: 103.92672 | CN7: 102.84533 | CO7: 103.98419 | CP7: 97.92075 | CQ7: 96.525704 | CR7: 98.81911 | CS7: 96.485445 | CT7: 96.207721 | CU7: 107.68842 | CV7: 96.819457 | CW7: 97.828668 | CX7: 107.3659 | CY7: 95.513317 | CZ7: 98.756454 | DA7: 98.756454 | DB7: 99.432982 | DC7: 105.8768 | DD7: 106.1131 | DE7: 104.10529 | DF7: 103.65714 | DG7: 99.678712 | DH7: 100.24482 | DI7: 99.307001 | DJ7: 104.21727 | DK7: 102.95259 | DL7: 103.77958 | DM7: 103.51483 | DN7: 98.470755 | DO7: 104.12895 | DP7: 103.09537 | DQ7: 99.674706 | DR7: 88.510074 | DS7: 103.03463 | DT7: 97.657159 | DU7: 98.055725 | DV7: 98.535718 | DW7: 104.57185 | DX7: 104.83655 | DY7: 93.687709 | DZ7: 92.783248 | EA7: 92.783248 | EB7: 93.005504 | EC7: 99.7129 | ED7: 99.948192 | EE7: 96.526687 | EF7: 96.987396 | EG7: 97.565519 | EH7: 97.949445 | EI7: 115.92317 | EJ7: 106.05854 | EK7: 106.05854 | EL7: 96.475481 | EM7: 103.81365 | EN7: 104.21727 | EO7: 104.10529 | EP7: 97.300487 | EQ7: 99.458696 | ER7: 104.19837 | ES7: 98.476361 | ET7: 98.476361 | EU7: 100.1382 | EV7: 95.701616 | EW7: 94.94114 | EX7: 96.557122 | EY7: 101.21311 | EZ7: 99.189794 | FA7: 94.435162 | FB7: 93.182969 | FC7: 97.564808 | FD7: 97.80317 | FE7: 97.903009 | FF7: 106.63936 | FG7: 96.552243 | FH7: 103.8622 | FI7: 99.159904 | FJ7: 118.26172 | FK7: 102.28219 | FL7: 104.64326 | FM7: 93.940686 | FN7: 94.473768 | FO7: 96.939504 | FP7: 99.855877 | FQ7: 100.49585 | FR7: 100.3152 | FS7: 100.4845 | FT7: 103.24473 | FU7: 103.24473 | FV7: 102.70382 | FW7: 102.70382 | FX7: 102.12421 | FY7: 103.5907 | FZ7: 103.50702 | GA7: 97.800268 | GB7: 97.214059 | GC7: 99.721677 | GD7: 99.002791 | GE7: 98.67149 | GF7: 103.00539 | GG7: 103.00539 | GH7: 105.12279 | GI7: 94.652189 | GJ7: 103.81365 | GK7: 103.65714 | GL7: 107.25583 | GM7: 95.406065 | GN7: 107.25583 | GO7: 103.24473 | GP7: 99.092247 | GQ7: 103.39262 | GR7: 101.63143 | GS7: 96.426698 | GT7: 92.21521 | GU7: 99.208332 | GV7: 95.5314 | GW7: 102.86454 | GX7: 102.54641 | GY7: 103.48542 | GZ7: 103.36598 | HA7: 99.208332 | HB7: 99.208332 | HC7: 99.208332 | HD7: 103.39262 | HE7: 104.26507 | HF7: 104.19837 | HG7: 104.19837 | HH7: 104.19837 | HI7: 97.570449 | HJ7: 105.48066 | HK7: 105.18751 | HL7: 102.19165 | HM7: 106.54161 | HN7: 102.00133 | HO7: 93.635996 | HP7: 104.01877 | HQ7: 98.695117 | HR7: 98.981766 | HS7: 96.609059 | HT7: 96.761453 | HU7: 92.498976 | HV7: 90.208184 | HW7: 90.683308 | HX7: 95.888699 | HY7: 98.991509 | HZ7: 104.83632
A8: 46049.146 | B8: 102.70836 | C8: 98.043872 | D8: 98.180481 | E8: 98.102905 | F8: 98.043872 | G8: 99.067794 | H8: 105.53907 | I8: 105.11973 | J8: 105.82013 | K8: 99.151255 | L8: 99.044302 | M8: 103.13078 | N8: 101.95088 | O8: 103.08678 | P8: 95.446479 | Q8: 105.34492 | R8: 98.410154 | S8: 101.787 | T8: 89.022673 | U8: 89.770851 | V8: 100.76646 | W8: 98.995207 | X8: 95.85835 | Y8: 97.536855 | Z8: 104.55029 | AA8: 94.554675 | AB8: 99.696908 | AC8: 98.89439 | AD8: 98.800717 | AE8: 93.14564 | AF8: 99.590293 | AG8: 101.17271 | AH8: 100.45358 | AI8: 100.45967 | AJ8: 91.718341 | AK8: 101.00156 | AL8: 94.246302 | AM8: 94.754248 | AN8: 103.72399 | AO8: 94.351231 | AP8: 87.445903 | AQ8: 87.848432 | AR8: 105.251 | AS8: 99.223324 | AT8: 96.544167 | AU8: 103.0096 | AV8: 99.161577 | AW8: 95.359394 | AX8: 95.696233 | AY8: 103.00259 | AZ8: 98.417512 | BA8: 98.448193 | BB8: 97.93428 | BC8: 98.380539 | BD8: 98.57506 | BE8: 98.435858 | BF8: 102.75196 | BG8: 103.00427 | BH8: 103.00427 | BI8: 103.00427 | BJ8: 95.138741 | BK8: 95.745708 | BL8: 101.12672 | BM8: 100.91177 | BN8: 100.09674 | BO8: 97.710962 | BP8: 101.88142 | BQ8: 91.756608 | BR8: 91.803954 | BS8: 98.946363 | BT8: 95.571356 | BU8: 103.03391 | BV8: 102.9678 | BW8: 103.86811 | BX8: 100.50324 | BY8: 100.50324 | BZ8: 100.47704 | CA8: 101.2353 | CB8: 100.02758 | CC8: 99.170291 | CD8: 98.805328 | CE8: 100.69534 | CF8: 98.465894 | CG8: 102.9678 | CH8: 98.026365 | CI8: 98.34366 | CJ8: 99.568801 | CK8: 104.1092 | CL8: 104.1092 | CM8: 103.9474 | CN8: 102.78491 | CO8: 103.95148 | CP8: 97.729853 | CQ8: 96.458207 | CR8: 98.765224 | CS8: 96.43117 | CT8: 96.213667 | CU8: 107.46008 | CV8: 96.730074 | CW8: 97.730275 | CX8: 107.17785 | CY8: 95.395857 | CZ8: 98.68382 | DA8: 98.68382 | DB8: 99.493692 | DC8: 105.67079 | DD8: 105.9096 | DE8: 103.86811 | DF8: 103.42266 | DG8: 99.949291 | DH8: 100.50324 | DI8: 99.253602 | DJ8: 103.97002 | DK8: 102.91844 | DL8: 103.54527 | DM8: 103.27872 | DN8: 98.57506 | DO8: 104.14204 | DP8: 103.06387 | DQ8: 99.61792 | DR8: 88.348015 | DS8: 103.00072 | DT8: 97.646002 | DU8: 98.043565 | DV8: 98.383335 | DW8: 104.34721 | DX8: 104.62063 | DY8: 93.550989 | DZ8: 92.704699 | EA8: 92.704699 | EB8: 93.003513 | EC8: 99.332868 | ED8: 99.563256 | EE8: 96.523261 | EF8: 96.960549 | EG8: 97.447992 | EH8: 97.77404 | EI8: 115.72013 | EJ8: 105.72906 | EK8: 105.72906 | EL8: 96.536415 | EM8: 103.57746 | EN8: 103.97002 | EO8: 103.86811 | EP8: 97.306693 | EQ8: 99.127695 | ER8: 104.20826 | ES8: 98.417512 | ET8: 98.417512 | EU8: 100.04306 | EV8: 95.624434 | EW8: 94.849566 | EX8: 96.48983 | EY8: 100.9985 | EZ8: 98.948078 | FA8: 94.304903 | FB8: 93.099949 | FC8: 97.38112 | FD8: 97.637837 | FE8: 97.745353 | FF8: 106.57784 | FG8: 96.517652 | FH8: 103.84921 | FI8: 99.081426 | FJ8: 118.10148 | FK8: 102.17841 | FL8: 104.47854 | FM8: 93.74172 | FN8: 94.306553 | FO8: 96.884895 | FP8: 99.589912 | FQ8: 100.48839 | FR8: 100.30681 | FS8: 100.47704 | FT8: 103.0105 | FU8: 103.0105 | FV8: 102.5229 | FW8: 102.5229 | FX8: 101.95035 | FY8: 103.35628 | FZ8: 103.27397 | GA8: 97.34998 | GB8: 96.781977 | GC8: 99.560342 | GD8: 98.850004 | GE8: 98.610695 | GF8: 102.9678 | GG8: 102.9678 | GH8: 104.87108 | GI8: 94.521532 | GJ8: 103.57746 | GK8: 103.42266 | GL8: 107.06797 | GM8: 95.314529 | GN8: 107.06797 | GO8: 103.0105 | GP8: 99.111044 | GQ8: 103.15783 | GR8: 101.24678 | GS8: 96.333335 | GT8: 92.126166 | GU8: 99.172202 | GV8: 95.385388 | GW8: 102.72517 | GX8: 102.32056 | GY8: 103.25316 | GZ8: 103.13281 | HA8: 99.172202 | HB8: 99.172202 | HC8: 99.172202 | HD8: 103.15783 | HE8: 104.27602 | HF8: 104.20826 | HG8: 104.20826 | HH8: 104.20826 | HI8: 97.555314 | HJ8: 105.20589 | HK8: 104.90917 | HL8: 102.11753 | HM8: 106.39644 | HN8: 101.93236 | HO8: 93.546159 | HP8: 104.02778 | HQ8: 98.601016 | HR8: 98.8882 | HS8: 96.606893 | HT8: 96.68008 | HU8: 92.318649 | HV8: 90.125889 | HW8: 90.599305 | HX8: 95.862932 | HY8: 98.896837 | HZ8: 104.83621
A9: 46049.167 | B9: 103.05936 | C9: 98.487713 | D9: 98.624101 | E9: 98.546389 | F9: 98.487713 | G9: 99.514349 | H9: 104.99281 | I9: 104.57756 | J9: 105.28692 | K9: 99.572909 | L9: 99.489314 | M9: 102.17088 | N9: 100.73325 | O9: 103.51714 | P9: 95.837849 | Q9: 105.29092 | R9: 98.421092 | S9: 102.21678 | T9: 89.426124 | U9: 90.181353 | V9: 101.19794 | W9: 99.316039 | X9: 96.145177 | Y9: 97.845253 | Z9: 104.41223 | AA9: 94.79983 | AB9: 100.03166 | AC9: 99.216466 | AD9: 99.12107 | AE9: 93.501192 | AF9: 100.02903 | AG9: 101.59741 | AH9: 100.86857 | AI9: 100.8817 | AJ9: 91.996528 | AK9: 101.43552 | AL9: 94.514614 | AM9: 95.019503 | AN9: 103.78201 | AO9: 94.631153 | AP9: 87.789981 | AQ9: 88.193971 | AR9: 105.30222 | AS9: 99.346522 | AT9: 96.659446 | AU9: 103.14422 | AV9: 99.481085 | AW9: 96.539555 | AX9: 96.798241 | AY9: 103.33244 | AZ9: 98.732952 | BA9: 98.812951 | BB9: 98.290503 | BC9: 98.681444 | BD9: 99.043027 | BE9: 98.795081 | BF9: 102.92443 | BG9: 103.13864 | BH9: 103.13864 | BI9: 103.13864 | BJ9: 95.444327 | BK9: 96.04727 | BL9: 101.52338 | BM9: 101.29829 | BN9: 100.31356 | BO9: 97.909908 | BP9: 101.60628 | BQ9: 92.026359 | BR9: 92.073845 | BS9: 98.959179 | BT9: 96.129185 | BU9: 103.22339 | BV9: 103.28561 | BW9: 103.86162 | BX9: 100.68807 | BY9: 100.68807 | BZ9: 100.91731 | CA9: 101.57754 | CB9: 100.29896 | CC9: 99.156815 | CD9: 98.793164 | CE9: 101.01897 | CF9: 98.723601 | CG9: 103.28561 | CH9: 98.344381 | CI9: 98.659585 | CJ9: 99.743466 | CK9: 104.40835 | CL9: 104.40835 | CM9: 104.29977 | CN9: 103.03939 | CO9: 104.21229 | CP9: 98.36251 | CQ9: 96.988586 | CR9: 99.267572 | CS9: 96.763424 | CT9: 96.442301 | CU9: 107.65993 | CV9: 97.146219 | CW9: 98.027757 | CX9: 107.03631 | CY9: 95.660994 | CZ9: 98.990321 | DA9: 98.990321 | DB9: 99.638751 | DC9: 105.52021 | DD9: 105.79855 | DE9: 103.86162 | DF9: 103.44215 | DG9: 100.10361 | DH9: 100.68807 | DI9: 99.605162 | DJ9: 104.51149 | DK9: 103.26636 | DL9: 102.62216 | DM9: 102.35679 | DN9: 99.043027 | DO9: 104.50915 | DP9: 103.43236 | DQ9: 100.07358 | DR9: 88.614089 | DS9: 103.37283 | DT9: 98.009533 | DU9: 98.407703 | DV9: 98.871062 | DW9: 104.37092 | DX9: 104.68546 | DY9: 93.616806 | DZ9: 92.960763 | EA9: 92.960763 | EB9: 93.450089 | EC9: 99.540758 | ED9: 99.77259 | EE9: 96.795558 | EF9: 97.248446 | EG9: 95.920417 | EH9: 98.371953 | EI9: 115.56731 | EJ9: 105.77863 | EK9: 105.77863 | EL9: 96.781459 | EM9: 103.5867 | EN9: 103.98822 | EO9: 103.86162 | EP9: 97.627146 | EQ9: 99.286489 | ER9: 104.57796 | ES9: 98.732952 | ET9: 98.732952 | EU9: 100.36623 | EV9: 95.939061 | EW9: 95.138322 | EX9: 96.805843 | EY9: 101.18633 | EZ9: 96.559519 | FA9: 94.673492 | FB9: 93.464496 | FC9: 97.861989 | FD9: 98.178424 | FE9: 98.310916 | FF9: 107.16857 | FG9: 96.950128 | FH9: 104.23297 | FI9: 99.401086 | FJ9: 118.53578 | FK9: 102.59796 | FL9: 104.82952 | FM9: 96.83292 | FN9: 97.089573 | FO9: 97.216368 | FP9: 99.765905 | FQ9: 100.92872 | FR9: 100.74733 | FS9: 100.91731 | FT9: 103.05817 | FU9: 103.05817 | FV9: 101.01542 | FW9: 101.01542 | FX9: 100.44075 | FY9: 102.54604 | FZ9: 102.49753 | GA9: 97.376939 | GB9: 96.763141 | GC9: 100.13375 | GD9: 98.826149 | GE9: 99.089249 | GF9: 103.28561 | GG9: 103.28561 | GH9: 104.92361 | GI9: 94.766637 | GJ9: 103.5867 | GK9: 103.44215 | GL9: 106.92658 | GM9: 93.783205 | GN9: 106.92658 | GO9: 103.05817 | GP9: 99.541955 | GQ9: 103.20784 | GR9: 101.43257 | GS9: 96.625188 | GT9: 92.452895 | GU9: 99.541203 | GV9: 95.424078 | GW9: 103.10292 | GX9: 102.50309 | GY9: 103.31029 | GZ9: 103.16275 | HA9: 99.541203 | HB9: 99.541203 | HC9: 99.541203 | HD9: 103.20784 | HE9: 104.64557 | HF9: 104.57796 | HG9: 104.57796 | HH9: 104.57796 | HI9: 98.001343 | HJ9: 104.72534 | HK9: 104.42082 | HL9: 102.57303 | HM9: 105.83359 | HN9: 102.29628 | HO9: 92.043245 | HP9: 104.42459 | HQ9: 98.920395 | HR9: 99.208395 | HS9: 97.070903 | HT9: 96.976889 | HU9: 92.916276 | HV9: 90.406905 | HW9: 90.89297 | HX9: 96.17055 | HY9: 99.224129 | HZ9: 105.20071
A10: 46049.188 | B10: 89.090276 | C10: 84.935221 | D10: 85.0545 | E10: 84.983143 | F10: 84.935221 | G10: 85.981614 | H10: 90.676888 | I10: 90.31651 | J10: 90.929803 | K10: 86.015014 | L10: 85.817809 | M10: 88.183016 | N10: 86.965126 | O10: 89.43056 | P10: 82.871772 | Q10: 90.927119 | R10: 84.901353 | S10: 88.288943 | T10: 77.199652 | U10: 77.848063 | V10: 87.395922 | W10: 85.759449 | X10: 83.006472 | Y10: 84.47148 | Z10: 90.055135 | AA10: 81.780214 | AB10: 86.339671 | AC10: 85.698266 | AD10: 85.587149 | AE10: 80.621959 | AF10: 86.313133 | AG10: 87.705496 | AH10: 87.083576 | AI10: 87.087715 | AJ10: 79.375771 | AK10: 87.603246 | AL10: 81.531524 | AM10: 81.975757 | AN10: 89.586911 | AO10: 81.648437 | AP10: 75.679439 | AQ10: 76.028616 | AR10: 90.895556 | AS10: 85.752673 | AT10: 83.442971 | AU10: 89.01022 | AV10: 85.919739 | AW10: 82.975106 | AX10: 83.236989 | AY10: 89.289143 | AZ10: 85.300869 | BA10: 85.381145 | BB10: 84.937198 | BC10: 85.32757 | BD10: 85.588968 | BE10: 85.370903 | BF10: 88.793636 | BG10: 89.007325 | BH10: 89.007325 | BI10: 89.007325 | BJ10: 82.426586 | BK10: 82.936414 | BL10: 87.91568 | BM10: 87.640832 | BN10: 86.499017 | BO10: 84.420893 | BP10: 87.691734 | BQ10: 79.405274 | BR10: 79.446247 | BS10: 85.356242 | BT10: 82.830862 | BU10: 88.967766 | BV10: 89.253571 | BW10: 89.680777 | BX10: 86.782581 | BY10: 86.782581 | BZ10: 87.063699 | CA10: 87.80342 | CB10: 86.497243 | CC10: 85.553527 | CD10: 85.231253 | CE10: 87.289191 | CF10: 85.176923 | CG10: 89.253571 | CH10: 84.948603 | CI10: 85.23436 | CJ10: 86.09111 | CK10: 90.253376 | CL10: 90.253376 | CM10: 90.182766 | CN10: 89.066547 | CO10: 90.088437 | CP10: 84.819101 | CQ10: 83.61458 | CR10: 85.568138 | CS10: 83.578508 | CT10: 83.177795 | CU10: 92.503952 | CV10: 83.769092 | CW10: 84.63525 | CX10: 92.318401 | CY10: 82.545552 | CZ10: 85.156648 | DA10: 85.333295 | DB10: 85.846777 | DC10: 91.113763 | DD10: 91.350328 | DE10: 89.680777 | DF10: 89.312427 | DG10: 86.279057 | DH10: 86.782581 | DI10: 86.038048 | DJ10: 90.247415 | DK10: 89.26324 | DL10: 88.614304 | DM10: 88.37746 | DN10: 85.588968 | DO10: 90.352384 | DP10: 89.417574 | DQ10: 86.406144 | DR10: 76.481535 | DS10: 89.369622 | DT10: 84.687618 | DU10: 85.031327 | DV10: 85.331663 | DW10: 90.122068 | DX10: 90.393958 | DY10: 80.701843 | DZ10: 80.220291 | EA10: 80.220291 | EB10: 80.567489 | EC10: 85.881018 | ED10: 86.071795 | EE10: 83.560002 | EF10: 83.953261 | EG10: 83.116671 | EH10: 84.840092 | EI10: 99.676355 | EJ10: 91.296534 | EK10: 91.296534 | EL10: 83.477303 | EM10: 89.440412 | EN10: 89.791098 | EO10: 89.680777 | EP10: 84.335915 | EQ10: 85.621782 | ER10: 90.409566 | ES10: 85.300869 | ET10: 85.300869 | EU10: 86.686053 | EV10: 82.778035 | EW10: 82.083057 | EX10: 83.54324 | EY10: 86.941684 | EZ10: 83.290256 | FA10: 81.619409 | FB10: 80.583934 | FC10: 84.443287 | FD10: 84.695073 | FE10: 84.800509 | FF10: 92.375003 | FG10: 83.605222 | FH10: 90.117477 | FI10: 85.8689 | FJ10: 102.29049 | FK10: 88.833075 | FL10: 90.564231 | FM10: 83.573018 | FN10: 83.807205 | FO10: 83.895803 | FP10: 86.110369 | FQ10: 87.073537 | FR10: 86.914781 | FS10: 87.063699 | FT10: 88.98177 | FU10: 88.98177 | FV10: 87.588021 | FW10: 87.588021 | FX10: 87.083999 | FY10: 88.538562 | FZ10: 88.495668 | GA10: 83.72528 | GB10: 83.401748 | GC10: 86.375413 | GD10: 85.26062 | GE10: 85.532346 | GF10: 89.253571 | GG10: 89.253571 | GH10: 90.576912 | GI10: 81.751448 | GJ10: 89.440412 | GK10: 89.312427 | GL10: 92.223753 | GM10: 81.234895 | GN10: 92.223753 | GO10: 88.98177 | GP10: 85.995959 | GQ10: 89.11499 | GR10: 87.465413 | GS10: 83.42283 | GT10: 79.695984 | GU10: 85.970448 | GV10: 82.268651 | GW10: 88.972704 | GX10: 88.412003 | GY10: 89.179969 | GZ10: 89.056712 | HA10: 85.970448 | HB10: 85.970448 | HC10: 85.970448 | HD10: 89.11499 | HE10: 90.46627 | HF10: 90.409566 | HG10: 90.409566 | HH10: 90.409566 | HI10: 84.518125 | HJ10: 90.341233 | HK10: 90.081272 | HL10: 88.481394 | HM10: 91.400352 | HN10: 88.434743 | HO10: 79.727744 | HP10: 90.287142 | HQ10: 85.43723 | HR10: 85.685639 | HS10: 83.689305 | HT10: 83.726876 | HU10: 80.122752 | HV10: 77.926366 | HW10: 78.347008 | HX10: 83.095868 | HY10: 85.701662 | HZ10: 90.938046
A11: 46049.208 | B11: 88.601543 | C11: 84.571878 | D11: 84.689044 | E11: 84.623933 | F11: 84.571878 | G11: 85.439344 | H11: 89.974993 | I11: 89.605582 | J11: 90.231367 | K11: 85.420379 | L11: 85.432137 | M11: 87.656818 | N11: 86.485972 | O11: 88.985336 | P11: 82.378612 | Q11: 90.269168 | R11: 84.379481 | S11: 87.865951 | T11: 76.984767 | U11: 77.613829 | V11: 87.000223 | W11: 85.27631 | X11: 82.59617 | Y11: 84.015468 | Z11: 89.364676 | AA11: 81.443357 | AB11: 85.705979 | AC11: 85.253291 | AD11: 85.10374 | AE11: 80.29553 | AF11: 86.004999 | AG11: 87.360692 | AH11: 86.742645 | AI11: 86.737071 | AJ11: 78.972154 | AK11: 87.207497 | AL11: 81.225639 | AM11: 81.650479 | AN11: 88.95189 | AO11: 80.831799 | AP11: 75.558491 | AQ11: 75.893971 | AR11: 90.166558 | AS11: 85.234353 | AT11: 83.004267 | AU11: 88.38024 | AV11: 85.456251 | AW11: 82.420373 | AX11: 82.693846 | AY11: 88.827895 | AZ11: 84.869846 | BA11: 84.911915 | BB11: 84.627321 | BC11: 84.865035 | BD11: 85.042871 | BE11: 84.904282 | BF11: 88.143658 | BG11: 88.380735 | BH11: 88.380735 | BI11: 88.380735 | BJ11: 82.063098 | BK11: 82.560394 | BL11: 87.407471 | BM11: 87.152914 | BN11: 85.856147 | BO11: 83.899588 | BP11: 87.118506 | BQ11: 79.021914 | BR11: 79.062689 | BS11: 84.839114 | BT11: 82.62246 | BU11: 88.263572 | BV11: 88.792055 | BW11: 89.067679 | BX11: 86.095683 | BY11: 86.095683 | BZ11: 86.656704 | CA11: 87.569289 | CB11: 85.864473 | CC11: 85.005151 | CD11: 84.691882 | CE11: 87.030761 | CF11: 85.11577 | CG11: 88.792055 | CH11: 84.553782 | CI11: 84.810168 | CJ11: 85.678693 | CK11: 89.821443 | CL11: 89.821443 | CM11: 89.678684 | CN11: 88.603611 | CO11: 89.594222 | CP11: 84.345188 | CQ11: 83.361759 | CR11: 85.266254 | CS11: 83.132609 | CT11: 82.738461 | CU11: 91.483791 | CV11: 83.418632 | CW11: 84.232207 | CX11: 91.610589 | CY11: 82.197868 | CZ11: 84.327042 | DA11: 84.714314 | DB11: 85.256359 | DC11: 90.444259 | DD11: 90.676194 | DE11: 89.067679 | DF11: 88.710264 | DG11: 85.635523 | DH11: 86.095683 | DI11: 85.560516 | DJ11: 89.605878 | DK11: 89.025216 | DL11: 88.086601 | DM11: 87.85245 | DN11: 85.042871 | DO11: 89.828886 | DP11: 88.918731 | DQ11: 86.035323 | DR11: 76.212046 | DS11: 88.868539 | DT11: 84.245555 | DU11: 84.5758 | DV11: 84.855696 | DW11: 89.502869 | DX11: 89.774624 | DY11: 80.337613 | DZ11: 77.918519 | EA11: 77.918519 | EB11: 80.197922 | EC11: 85.607019 | ED11: 85.802098 | EE11: 83.137491 | EF11: 83.516297 | EG11: 82.820638 | EH11: 84.379524 | EI11: 98.91213 | EJ11: 90.542148 | EK11: 90.542148 | EL11: 83.022999 | EM11: 88.836869 | EN11: 89.173285 | EO11: 89.067679 | EP11: 83.874128 | EQ11: 85.235963 | ER11: 89.881997 | ES11: 84.869846 | ET11: 84.869846 | EU11: 86.226755 | EV11: 82.309832 | EW11: 81.510482 | EX11: 83.09621 | EY11: 85.982865 | EZ11: 82.956963 | FA11: 81.274417 | FB11: 80.270618 | FC11: 84.010559 | FD11: 84.250932 | FE11: 84.351588 | FF11: 92.084856 | FG11: 83.301847 | FH11: 89.599881 | FI11: 85.428994 | FJ11: 101.84386 | FK11: 88.278796 | FL11: 90.30602 | FM11: 81.89681 | FN11: 82.263601 | FO11: 83.44455 | FP11: 85.700578 | FQ11: 86.666496 | FR11: 86.510882 | FS11: 86.656704 | FT11: 88.39274 | FU11: 88.39274 | FV11: 87.131539 | FW11: 87.131539 | FX11: 86.645663 | FY11: 88.004283 | FZ11: 87.958313 | GA11: 83.350201 | GB11: 82.96504 | GC11: 85.923768 | GD11: 84.715615 | GE11: 85.180296 | GF11: 88.792055 | GG11: 88.792055 | GH11: 89.868108 | GI11: 81.415714 | GJ11: 88.836869 | GK11: 88.710264 | GL11: 91.516667 | GM11: 80.99399 | GN11: 91.516667 | GO11: 88.39274 | GP11: 85.464438 | GQ11: 88.519256 | GR11: 87.192056 | GS11: 83.037444 | GT11: 79.432104 | GU11: 85.461648 | GV11: 81.862997 | GW11: 88.584222 | GX11: 87.75839 | GY11: 88.570575 | GZ11: 88.458565 | HA11: 85.461648 | HB11: 85.461648 | HC11: 85.461648 | HD11: 88.519256 | HE11: 89.935997 | HF11: 89.881997 | HG11: 89.881997 | HH11: 89.881997 | HI11: 84.179798 | HJ11: 89.726185 | HK11: 89.482534 | HL11: 88.014613 | HM11: 90.698656 | HN11: 87.951681 | HO11: 79.491309 | HP11: 89.760058 | HQ11: 84.99367 | HR11: 85.23315 | HS11: 83.305148 | HT11: 83.327469 | HU11: 79.675079 | HV11: 77.752047 | HW11: 78.150076 | HX11: 82.664 | HY11: 85.254675 | HZ11: 90.390809
A12: 46049.229 | B12: 85.70355 | C12: 81.892192 | D12: 82.008149 | E12: 81.942468 | F12: 81.892192 | G12: 82.490801 | H12: 87.11361 | I12: 86.759475 | J12: 87.363201 | K12: 82.359789 | L12: 82.702683 | M12: 84.855766 | N12: 83.732714 | O12: 86.124203 | P12: 79.678347 | Q12: 87.347147 | R12: 81.721172 | S12: 85.015656 | T12: 74.530779 | U12: 75.138226 | V12: 84.136337 | W12: 82.534971 | X12: 79.905029 | Y12: 81.275115 | Z12: 86.496166 | AA12: 78.71402 | AB12: 82.596165 | AC12: 82.496126 | AD12: 82.356433 | AE12: 77.678479 | AF12: 83.170702 | AG12: 84.485267 | AH12: 83.893193 | AI12: 83.881846 | AJ12: 76.310753 | AK12: 84.339382 | AL12: 78.513797 | AM12: 78.925632 | AN12: 86.089811 | AO12: 78.228423 | AP12: 73.048182 | AQ12: 73.376057 | AR12: 87.306103 | AS12: 82.521074 | AT12: 80.342685 | AU12: 85.586876 | AV12: 82.748407 | AW12: 79.754279 | AX12: 80.021357 | AY12: 85.909853 | AZ12: 82.027644 | BA12: 82.015807 | BB12: 81.764783 | BC12: 81.970823 | BD12: 82.044119 | BE12: 82.008765 | BF12: 85.341856 | BG12: 85.594518 | BH12: 85.594518 | BI12: 85.594518 | BJ12: 79.223527 | BK12: 79.748688 | BL12: 84.372509 | BM12: 84.182922 | BN12: 82.528431 | BO12: 80.784796 | BP12: 84.353503 | BQ12: 76.349174 | BR12: 76.38857 | BS12: 82.077593 | BT12: 79.875338 | BU12: 84.768638 | BV12: 85.867913 | BW12: 86.196336 | BX12: 82.68659 | BY12: 82.68659 | BZ12: 83.956732 | CA12: 84.767727 | CB12: 82.59215 | CC12: 82.351875 | CD12: 82.026492 | CE12: 84.240591 | CF12: 82.255999 | CG12: 85.867913 | CH12: 81.696638 | CI12: 81.965149 | CJ12: 82.852084 | CK12: 86.920873 | CL12: 86.920873 | CM12: 86.754526 | CN12: 85.647335 | CO12: 86.640588 | CP12: 81.634081 | CQ12: 80.590161 | CR12: 82.477675 | CS12: 80.430097 | CT12: 79.81726 | CU12: 88.363967 | CV12: 80.78447 | CW12: 81.498008 | CX12: 88.669988 | CY12: 79.482354 | CZ12: 82.028867 | DA12: 82.1634 | DB12: 81.949179 | DC12: 87.563173 | DD12: 87.790661 | DE12: 86.196336 | DF12: 85.844959 | DG12: 82.232792 | DH12: 82.68659 | DI12: 82.733733 | DJ12: 86.728807 | DK12: 86.177075 | DL12: 85.265968 | DM12: 85.03677 | DN12: 82.030857 | DO12: 86.899208 | DP12: 86.001562 | DQ12: 83.182952 | DR12: 73.570963 | DS12: 85.949827 | DT12: 81.36683 | DU12: 81.688459 | DV12: 82.146809 | DW12: 86.623866 | DX12: 86.89027 | DY12: 77.786152 | DZ12: 75.865708 | EA12: 75.865708 | EB12: 77.634598 | EC12: 82.814584 | ED12: 83.003074 | EE12: 80.408325 | EF12: 80.782312 | EG12: 80.312796 | EH12: 81.665512 | EI12: 95.737157 | EJ12: 87.695329 | EK12: 87.695329 | EL12: 80.10696 | EM12: 85.968695 | EN12: 86.297903 | EO12: 86.196336 | EP12: 81.161092 | EQ12: 82.332148 | ER12: 86.952518 | ES12: 82.027644 | ET12: 82.027644 | EU12: 83.502777 | EV12: 79.598627 | EW12: 78.821556 | EX12: 80.348112 | EY12: 83.050636 | EZ12: 80.305204 | FA12: 78.645628 | FB12: 77.653447 | FC12: 81.317145 | FD12: 81.539253 | FE12: 81.632268 | FF12: 89.025567 | FG12: 80.643965 | FH12: 86.69524 | FI12: 82.617055 | FJ12: 98.412017 | FK12: 85.217065 | FL12: 89.61383 | FM12: 78.001733 | FN12: 78.474291 | FO12: 80.673051 | FP12: 82.876182 | FQ12: 83.966219 | FR12: 83.812336 | FS12: 83.956732 | FT12: 85.528822 | FU12: 85.528822 | FV12: 84.719374 | FW12: 84.719374 | FX12: 84.223492 | FY12: 85.182723 | FZ12: 85.139167 | GA12: 80.162434 | GB12: 79.979045 | GC12: 83.155392 | GD12: 82.040266 | GE12: 82.348081 | GF12: 85.867913 | GG12: 85.867913 | GH12: 86.996773 | GI12: 78.687075 | GJ12: 85.968695 | GK12: 85.844959 | GL12: 88.57908 | GM12: 78.456552 | GN12: 88.57908 | GO12: 85.528822 | GP12: 82.550555 | GQ12: 85.651553 | GR12: 84.401249 | GS12: 80.285191 | GT12: 76.843597 | GU12: 82.642757 | GV12: 79.231831 | GW12: 85.599188 | GX12: 84.941953 | GY12: 85.714448 | GZ12: 85.599933 | HA12: 82.642757 | HB12: 82.642757 | HC12: 82.642757 | HD12: 85.651553 | HE12: 87.00541 | HF12: 86.952518 | HG12: 86.952518 | HH12: 86.952518 | HI12: 81.502309 | HJ12: 86.828372 | HK12: 86.595597 | HL12: 85.170988 | HM12: 87.817339 | HN12: 85.010924 | HO12: 77.000948 | HP12: 86.834227 | HQ12: 82.317553 | HR12: 82.53757 | HS12: 80.642734 | HT12: 80.545465 | HU12: 77.114084 | HV12: 75.222683 | HW12: 75.605524 | HX12: 79.955975 | HY12: 82.509001 | HZ12: 87.450044
A13: 46049.25 | B13: 88.919958 | C13: 84.619664 | D13: 84.73969 | E13: 84.671111 | F13: 84.619664 | G13: 85.478483 | H13: 90.080508 | I13: 89.727118 | J13: 90.332398 | K13: 85.482879 | L13: 85.451724 | M13: 87.797683 | N13: 86.659546 | O13: 89.178239 | P13: 82.667639 | Q13: 90.339761 | R13: 84.695754 | S13: 88.076391 | T13: 77.188952 | U13: 77.798848 | V13: 87.216197 | W13: 85.403627 | X13: 82.724412 | Y13: 84.130914 | Z13: 89.374966 | AA13: 81.656769 | AB13: 85.907736 | AC13: 85.369559 | AD13: 85.232498 | AE13: 80.394523 | AF13: 86.308754 | AG13: 87.659021 | AH13: 87.045405 | AI13: 87.031451 | AJ13: 78.947237 | AK13: 87.420675 | AL13: 81.434786 | AM13: 81.852599 | AN13: 89.058166 | AO13: 80.764539 | AP13: 75.624731 | AQ13: 75.959024 | AR13: 90.261408 | AS13: 85.42106 | AT13: 83.213989 | AU13: 88.525575 | AV13: 85.585369 | AW13: 82.370328 | AX13: 82.656902 | AY13: 89.182037 | AZ13: 84.941971 | BA13: 84.955067 | BB13: 84.627522 | BC13: 84.907448 | BD13: 85.032651 | BE13: 84.946821 | BF13: 88.276455 | BG13: 88.530294 | BH13: 88.530294 | BI13: 88.530294 | BJ13: 82.103002 | BK13: 82.634026 | BL13: 87.418295 | BM13: 87.231729 | BN13: 86.193336 | BO13: 84.228141 | BP13: 87.335405 | BQ13: 78.981899 | BR13: 79.022654 | BS13: 84.969527 | BT13: 82.820428 | BU13: 88.703263 | BV13: 89.150155 | BW13: 89.167853 | BX13: 86.524574 | BY13: 86.524574 | BZ13: 86.757074 | CA13: 87.967909 | CB13: 86.125933 | CC13: 85.378853 | CD13: 85.020682 | CE13: 87.419257 | CF13: 85.531232 | CG13: 89.150155 | CH13: 84.595882 | CI13: 84.87663 | CJ13: 85.875485 | CK13: 90.410856 | CL13: 90.410856 | CM13: 90.005815 | CN13: 88.9825 | CO13: 89.995249 | CP13: 84.386683 | CQ13: 83.543455 | CR13: 85.466874 | CS13: 83.276246 | CT13: 83.008806 | CU13: 91.043803 | CV13: 83.556443 | CW13: 84.323454 | CX13: 91.621138 | CY13: 82.410221 | CZ13: 84.816891 | DA13: 84.948716 | DB13: 85.742813 | DC13: 90.535209 | DD13: 90.77292 | DE13: 89.167853 | DF13: 88.816146 | DG13: 86.050787 | DH13: 86.524574 | DI13: 85.675151 | DJ13: 89.68384 | DK13: 89.430463 | DL13: 88.216522 | DM13: 87.984401 | DN13: 85.018277 | DO13: 90.150061 | DP13: 89.200616 | DQ13: 86.203689 | DR13: 76.174702 | DS13: 89.141187 | DT13: 84.289633 | DU13: 84.619421 | DV13: 84.935357 | DW13: 89.588744 | DX13: 89.851685 | DY13: 80.655182 | DZ13: 77.585548 | EA13: 77.585548 | EB13: 80.187631 | EC13: 85.906316 | ED13: 86.097046 | EE13: 83.236691 | EF13: 83.622524 | EG13: 83.025858 | EH13: 84.416672 | EI13: 98.923519 | EJ13: 90.65058 | EK13: 90.65058 | EL13: 83.323206 | EM13: 88.941113 | EN13: 89.269786 | EO13: 89.167853 | EP13: 84.053843 | EQ13: 85.645962 | ER13: 90.203487 | ES13: 84.941971 | ET13: 84.941971 | EU13: 86.354879 | EV13: 82.371734 | EW13: 81.509648 | EX13: 83.186209 | EY13: 85.569334 | EZ13: 83.184511 | FA13: 81.310459 | FB13: 80.319994 | FC13: 84.004884 | FD13: 84.271616 | FE13: 84.383293 | FF13: 92.248018 | FG13: 83.362527 | FH13: 89.925892 | FI13: 85.539214 | FJ13: 102.12391 | FK13: 88.283082 | FL13: 93.00547 | FM13: 80.684159 | FN13: 81.192844 | FO13: 83.524627 | FP13: 85.896491 | FQ13: 86.766878 | FR13: 86.607597 | FS13: 86.757074 | FT13: 88.501687 | FU13: 88.501687 | FV13: 87.005112 | FW13: 87.005112 | FX13: 86.556268 | FY13: 88.132546 | FZ13: 88.088616 | GA13: 83.986067 | GB13: 83.693451 | GC13: 85.946918 | GD13: 85.029617 | GE13: 85.314631 | GF13: 89.150155 | GG13: 89.150155 | GH13: 89.952133 | GI13: 81.629469 | GJ13: 88.938152 | GK13: 88.816146 | GL13: 91.527205 | GM13: 81.305903 | GN13: 91.527205 | GO13: 88.501687 | GP13: 85.539528 | GQ13: 88.621955 | GR13: 87.52324 | GS13: 83.177464 | GT13: 79.522474 | GU13: 85.577955 | GV13: 82.123727 | GW13: 88.827808 | GX13: 87.870378 | GY13: 88.68471 | GZ13: 88.572854 | HA13: 85.577955 | HB13: 85.577955 | HC13: 85.577955 | HD13: 88.623926 | HE13: 90.258556 | HF13: 90.203487 | HG13: 90.203487 | HH13: 90.203487 | HI13: 84.22364 | HJ13: 89.815515 | HK13: 89.586157 | HL13: 87.979492 | HM13: 90.799843 | HN13: 88.149116 | HO13: 79.797435 | HP13: 90.080867 | HQ13: 85.122613 | HR13: 85.360136 | HS13: 83.294582 | HT13: 83.440037 | HU13: 79.714277 | HV13: 77.895507 | HW13: 78.278796 | HX13: 83.001439 | HY13: 85.370555 | HZ13: 90.715328
... A27: 46049.542 | B27: 136.02282 | C27: 131.76686 | D27: 132.10622 | E27: 131.92567 | F27: 131.76686 | G27: 126.04466 | H27: 129.39545 | I27: 128.81361 | J27: 129.98887 | K27: 125.13317 | L27: 133.8411 | M27: 127.87816 | N27: 126.27695 | O27: 136.09165 | P27: 127.60023 | Q27: 130.19402 | R27: 125.69574 | S27: 134.50641 | T27: 117.21638 | U27: 118.07756 | V27: 132.58614 | W27: 127.19508 | X27: 122.55201 | Y27: 124.95061 | Z27: 129.98248 | AA27: 120.40689 | AB27: 125.88506 | AC27: 127.3803 | AD27: 126.78097 | AE27: 120.19033 | AF27: 131.23758 | AG27: 131.35793 | AH27: 132.34983 | AI27: 132.3842 | AJ27: 117.73958 | AK27: 132.88664 | AL27: 119.88634 | AM27: 120.54411 | AN27: 127.96794 | AO27: 120.87916 | AP27: 113.2005 | AQ27: 113.71835 | AR27: 121.83301 | AS27: 124.62936 | AT27: 121.21891 | AU27: 129.07561 | AV27: 128.02355 | AW27: 124.18727 | AX27: 124.58696 | AY27: 136.26834 | AZ27: 125.66923 | BA27: 124.95567 | BB27: 124.258 | BC27: 124.17418 | BD27: 124.33124 | BE27: 124.60365 | BF27: 128.41316 | BG27: 129.21731 | BH27: 129.21731 | BI27: 129.21731 | BJ27: 121.40719 | BK27: 122.22194 | BL27: 132.2339 | BM27: 131.82011 | BN27: 126.40069 | BO27: 123.75139 | BP27: 128.53389 | BQ27: 117.7672 | BR27: 117.79193 | BS27: 124.9617 | BT27: 125.07556 | BU27: 130.93136 | BV27: 136.13068 | BW27: 128.86617 | BX27: 126.81114 | BY27: 126.81114 | BZ27: 137.76109 | CA27: 133.57575 | CB27: 126.31783 | CC27: 127.3347 | CD27: 126.40116 | CE27: 132.01277 | CF27: 123.76114 | CG27: 136.13068 | CH27: 125.11185 | CI27: 125.564 | CJ27: 125.03881 | CK27: 139.12795 | CL27: 139.12795 | CM27: 137.46334 | CN27: 135.40554 | CO27: 137.31638 | CP27: 127.00158 | CQ27: 126.2917 | CR27: 129.65688 | CS27: 124.17622 | CT27: 122.23992 | CU27: 133.72888 | CV27: 128.89866 | CW27: 125.07753 | CX27: 133.40946 | CY27: 121.99314 | CZ27: 125.34123 | DA27: 125.94509 | DB27: 125.17675 | DC27: 130.79548 | DD27: 131.20567 | DE27: 128.86617 | DF27: 128.42607 | DG27: 126.01675 | DH27: 126.81114 | DI27: 127.7945 | DJ27: 129.44986 | DK27: 138.67006 | DL27: 128.69359 | DM27: 128.11186 | DN27: 123.93425 | DO27: 137.70847 | DP27: 136.01187 | DQ27: 130.90735 | DR27: 113.57029 | DS27: 135.89259 | DT27: 123.95042 | DU27: 124.44861 | DV27: 127.51711 | DW27: 129.56867 | DX27: 130.8189 | DY27: 118.95852 | DZ27: 118.733 | EA27: 118.733 | EB27: 121.21456 | EC27: 124.76157 | ED27: 125.03902 | EE27: 123.17796 | EF27: 123.9432 | EG27: 124.67576 | EH27: 127.27701 | EI27: 143.34493 | EJ27: 121.37127 | EK27: 121.76302 | EL27: 122.87012 | EM27: 128.5437 | EN27: 128.97207 | EO27: 128.86617 | EP27: 125.42707 | EQ27: 124.06728 | ER27: 137.73567 | ES27: 125.14287 | ET27: 125.61195 | EU27: 129.24536 | EV27: 122.65534 | EW27: 121.50047 | EX27: 123.55259 | EY27: 128.28202 | EZ27: 120.60304 | FA27: 122.15069 | FB27: 120.47394 | FC27: 126.86198 | FD27: 127.18924 | FE27: 127.32631 | FF27: 143.99212 | FG27: 129.681 | FH27: 137.57507 | FI27: 127.81059 | FJ27: 161.65274 | FK27: 133.74491 | FL27: 143.64118 | FM27: 120.22653 | FN27: 120.70434 | FO27: 124.03401 | FP27: 125.09772 | FQ27: 137.77776 | FR27: 137.34429 | FS27: 137.76109 | FT27: 127.9534 | FU27: 127.9534 | FV27: 136.36587 | FW27: 136.36587 | FX27: 135.06714 | FY27: 128.10654 | FZ27: 128.04125 | GA27: 119.99841 | GB27: 120.40299 | GC27: 130.91133 | GD27: 126.34468 | GE27: 129.47184 | GF27: 136.13068 | GG27: 136.13068 | GH27: 125.73884 | GI27: 120.36588 | GJ27: 127.64652 | GK27: 128.42607 | GL27: 133.13949 | GM27: 119.73767 | GN27: 133.13949 | GO27: 127.9534 | GP27: 126.71071 | GQ27: 128.0434 | GR27: 127.10744 | GS27: 123.00968 | GT27: 118.94669 | GU27: 127.1766 | GV27: 121.04375 | GW27: 134.86605 | GX27: 127.44707 | GY27: 128.30265 | GZ27: 128.2311 | HA27: 127.1766 | HB27: 127.1766 | HC27: 127.1766 | HD27: 128.05628 | HE27: 137.55279 | HF27: 137.73567 | HG27: 137.73567 | HH27: 137.73567 | HI27: 131.56107 | HJ27: 130.72724 | HK27: 130.31385 | HL27: 138.51952 | HM27: 130.79859 | HN27: 133.7323 | HO27: 117.50828 | HP27: 137.87775 | HQ27: 127.27302 | HR27: 127.65447 | HS27: 126.22447 | HT27: 123.46202 | HU27: 119.9921 | HV27: 116.56522 | HW27: 117.11732 | HX27: 127.03711 | HY27: 127.46991 | HZ27: 138.92325
A28: 46049.562 | B28: 137.27693 | C28: 130.8028 | D28: 131.38461 | E28: 131.18131 | F28: 131.02402 | G28: 126.80419 | H28: 129.62367 | I28: 129.05594 | J28: 130.32494 | K28: 125.60812 | L28: 133.61754 | M28: 128.37093 | N28: 126.71301 | O28: 137.36438 | P28: 128.66553 | Q28: 130.597 | R28: 126.1946 | S28: 135.78575 | T28: 120.39826 | U28: 121.13644 | V28: 133.88901 | W28: 128.36503 | X28: 123.81409 | Y28: 126.2238 | Z28: 130.58691 | AA28: 121.10459 | AB28: 126.02983 | AC28: 128.47199 | AD28: 127.96014 | AE28: 121.32936 | AF28: 132.55381 | AG28: 132.65643 | AH28: 133.65994 | AI28: 133.69329 | AJ28: 118.91965 | AK28: 134.19266 | AL28: 120.65774 | AM28: 121.3075 | AN28: 128.89725 | AO28: 121.98352 | AP28: 114.28451 | AQ28: 114.80401 | AR28: 126.25282 | AS28: 125.13692 | AT28: 121.68807 | AU28: 129.63792 | AV28: 129.16096 | AW28: 126.73962 | AX28: 127.01 | AY28: 137.54053 | AZ28: 126.63616 | BA28: 125.74528 | BB28: 125.06414 | BC28: 124.8476 | BD28: 124.95537 | BE28: 125.31024 | BF28: 128.99313 | BG28: 129.77655 | BH28: 129.77655 | BI28: 129.77655 | BJ28: 122.57957 | BK28: 123.30937 | BL28: 133.48189 | BM28: 133.0547 | BN28: 126.21961 | BO28: 123.85813 | BP28: 129.03991 | BQ28: 119.00452 | BR28: 119.02951 | BS28: 125.55638 | BT28: 126.76219 | BU28: 130.58057 | BV28: 137.40276 | BW28: 129.27003 | BX28: 126.47139 | BY28: 126.47139 | BZ28: 137.40204 | CA28: 134.88311 | CB28: 126.26796 | CC28: 127.81451 | CD28: 126.88501 | CE28: 133.35988 | CF28: 124.02019 | CG28: 137.40276 | CH28: 126.13955 | CI28: 126.54239 | CJ28: 125.49619 | CK28: 140.20411 | CL28: 140.20411 | CM28: 138.56434 | CN28: 136.67711 | CO28: 138.56517 | CP28: 128.64647 | CQ28: 127.89645 | CR28: 131.17501 | CS28: 125.26148 | CT28: 122.65957 | CU28: 135.00522 | CV28: 129.33715 | CW28: 126.13626 | CX28: 134.02983 | CY28: 122.78306 | CZ28: 127.47998 | DA28: 127.66978 | DB28: 124.89418 | DC28: 131.21259 | DD28: 131.62011 | DE28: 129.27003 | DF28: 128.81348 | DG28: 125.65681 | DH28: 126.47139 | DI28: 128.77763 | DJ28: 129.83121 | DK28: 140.02728 | DL28: 129.20204 | DM28: 128.60745 | DN28: 124.54885 | DO28: 138.81571 | DP28: 137.23117 | DQ28: 132.2743 | DR28: 114.65618 | DS28: 137.10568 | DT28: 124.72303 | DU28: 125.22965 | DV28: 128.90672 | DW28: 130.23249 | DX28: 131.92838 | DY28: 119.51856 | DZ28: 120.00765 | EA28: 120.00765 | EB28: 122.15423 | EC28: 125.12335 | ED28: 125.40953 | EE28: 125.07628 | EF28: 125.57124 | EG28: 123.35431 | EH28: 128.87159 | EI28: 144.0115 | EJ28: 127.12561 | EK28: 127.12561 | EL28: 123.292 | EM28: 128.93699 | EN28: 129.3582 | EO28: 129.27003 | EP28: 126.46459 | EQ28: 124.23939 | ER28: 138.84544 | ES28: 126.10251 | ET28: 126.57809 | EU28: 130.38569 | EV28: 123.73176 | EW28: 122.61921 | EX28: 124.60263 | EY28: 129.50638 | EZ28: 121.16642 | FA28: 123.28787 | FB28: 121.58189 | FC28: 128.6952 | FD28: 128.82425 | FE28: 128.87834 | FF28: 145.79085 | FG28: 129.63789 | FH28: 138.76069 | FI28: 128.81368 | FJ28: 163.12993 | FK28: 135.0122 | FL28: 145.20541 | FM28: 119.24835 | FN28: 119.91462 | FO28: 125.04067 | FP28: 125.56645 | FQ28: 137.41866 | FR28: 136.95879 | FS28: 137.40204 | FT28: 128.24581 | FU28: 128.24581 | FV28: 133.0866 | FW28: 133.0866 | FX28: 131.99715 | FY28: 128.59168 | FZ28: 128.51684 | GA28: 119.7536 | GB28: 120.19311 | GC28: 132.51252 | GD28: 126.82157 | GE28: 130.88937 | GF28: 137.40276 | GG28: 137.40276 | GH28: 128.1734 | GI28: 121.06314 | GJ28: 127.96415 | GK28: 128.81348 | GL28: 133.7586 | GM28: 119.42077 | GN28: 133.7586 | GO28: 128.24581 | GP28: 127.55069 | GQ28: 128.26598 | GR28: 127.4809 | GS28: 123.97451 | GT28: 120.11621 | GU28: 128.19927 | GV28: 121.61559 | GW28: 136.09847 | GX28: 128.01649 | GY28: 128.84948 | GZ28: 128.69976 | HA28: 128.19927 | HB28: 128.19927 | HC28: 128.19927 | HD28: 128.29094 | HE28: 138.6524 | HF28: 138.84544 | HG28: 138.84544 | HH28: 138.84544 | HI28: 131.28149 | HJ28: 131.23827 | HK28: 130.83592 | HL28: 138.36491 | HM28: 131.1628 | HN28: 134.95507 | HO28: 117.19728 | HP28: 139.03496 | HQ28: 128.39595 | HR28: 128.78169 | HS28: 127.20287 | HT28: 124.45075 | HU28: 121.54622 | HV28: 117.76628 | HW28: 118.30744 | HX28: 128.22145 | HY28: 128.57867 | HZ28: 140.02408 | IA28: 118.7668 | IB28: 118.73313 | IC28: 113.61338 | ID28: 107.95687 | IE28: 101.61993 | IF28: 104.53787 | IG28: 115.77295 | IH28: 115.7671 | II28: 119.1113 | IJ28: 105.3785 | IK28: 105.37286
A29: 46049.583 | B29: 138.72233 | C29: 130.8028 | D29: 131.44926 | E29: 131.2546 | F29: 131.07348 | G29: 128.52582 | H29: 131.95905 | I29: 131.30721 | J29: 132.69295 | K29: 127.34945 | L29: 133.39757 | M29: 130.28012 | N29: 128.6098 | O29: 138.7547 | P29: 129.96608 | Q29: 132.99218 | R29: 127.96281 | S29: 137.15885 | T29: 120.98477 | U29: 121.76622 | V29: 135.24268 | W29: 130.03439 | X29: 125.48189 | Y29: 127.84261 | Z29: 132.53914 | AA29: 122.74379 | AB29: 127.77092 | AC29: 130.1358 | AD29: 129.62642 | AE29: 122.70195 | AF29: 133.86003 | AG29: 133.97454 | AH29: 134.96473 | AI29: 135.019 | AJ29: 120.44266 | AK29: 135.55126 | AL29: 122.28234 | AM29: 122.94313 | AN29: 130.77914 | AO29: 123.50796 | AP29: 115.488 | AQ29: 116.01308 | AR29: 127.1203 | AS29: 127.02769 | AT29: 123.55053 | AU29: 131.57062 | AV29: 130.83376 | AW29: 127.27784 | AX29: 127.63096 | AY29: 139.01272 | AZ29: 128.32329 | BA29: 127.45622 | BB29: 126.76717 | BC29: 126.57017 | BD29: 126.68912 | BE29: 127.03218 | BF29: 130.91571 | BG29: 131.70539 | BH29: 131.70539 | BI29: 131.70539 | BJ29: 124.14946 | BK29: 124.90532 | BL29: 134.94974 | BM29: 134.5456 | BN29: 127.96187 | BO29: 125.55884 | BP29: 130.98415 | BQ29: 120.51971 | BR29: 120.54502 | BS29: 127.33768 | BT29: 128.02035 | BU29: 132.44724 | BV29: 138.88992 | BW29: 131.47611 | BX29: 128.27931 | BY29: 128.27931 | BZ29: 137.69829 | CA29: 135.99619 | CB29: 128.00725 | CC29: 129.61626 | CD29: 128.69131 | CE29: 134.41235 | CF29: 125.78515 | CG29: 138.88992 | CH29: 127.81466 | CI29: 128.22725 | CJ29: 127.29737 | CK29: 141.93231 | CL29: 141.93231 | CM29: 139.95939 | CN29: 138.24326 | CO29: 140.18423 | CP29: 129.76583 | CQ29: 129.18071 | CR29: 132.49424 | CS29: 126.84204 | CT29: 124.3324 | CU29: 137.68085 | CV29: 130.00703 | CW29: 128.02619 | CX29: 136.03353 | CY29: 124.50073 | CZ29: 129.03715 | DA29: 129.28648 | DB29: 126.61639 | DC29: 133.55435 | DD29: 133.93039 | DE29: 131.47611 | DF29: 130.94139 | DG29: 127.39913 | DH29: 128.27931 | DI29: 130.47275 | DJ29: 132.12115 | DK29: 141.18281 | DL29: 131.27545 | DM29: 130.6556 | DN29: 126.28111 | DO29: 140.21173 | DP29: 138.69164 | DQ29: 133.58638 | DR29: 116.1579 | DS29: 138.56596 | DT29: 126.4273 | DU29: 126.93722 | DV29: 130.26142 | DW29: 132.42912 | DX29: 134.10033 | DY29: 121.04462 | DZ29: 121.15403 | EA29: 121.15403 | EB29: 123.13159 | EC29: 126.89457 | ED29: 127.19388 | EE29: 126.55921 | EF29: 127.11287 | EG29: 125.03279 | EH29: 129.99015 | EI29: 146.16443 | EJ29: 127.98694 | EK29: 127.98694 | EL29: 124.97714 | EM29: 131.12633 | EN29: 131.576 | EO29: 131.47611 | EP29: 128.07057 | EQ29: 125.99737 | ER29: 140.24533 | ES29: 127.80844 | ET29: 128.26726 | EU29: 132.07808 | EV29: 125.27783 | EW29: 124.2177 | EX29: 126.19524 | EY29: 132.07303 | EZ29: 122.92779 | FA29: 124.69318 | FB29: 122.86353 | FC29: 129.75942 | FD29: 129.93171 | FE29: 130.00391 | FF29: 147.25195 | FG29: 129.72062 | FH29: 140.19199 | FI29: 130.50194 | FJ29: 164.83927 | FK29: 136.47917 | FL29: 146.92696 | FM29: 121.54366 | FN29: 122.14376 | FO29: 126.64269 | FP29: 127.36799 | FQ29: 137.71496 | FR29: 137.23816 | FS29: 137.69829 | FT29: 130.20263 | FU29: 130.20263 | FV29: 134.72675 | FW29: 134.72675 | FX29: 133.64121 | FY29: 130.64399 | FZ29: 130.56434 | GA29: 121.44734 | GB29: 121.88661 | GC29: 133.65618 | GD29: 128.65204 | GE29: 132.1628 | GF29: 138.88992 | GG29: 138.88992 | GH29: 129.75061 | GI29: 122.70195 | GJ29: 130.71243 | GK29: 130.94139 | GL29: 135.75825 | GM29: 121.13086 | GN29: 135.75825 | GO29: 130.20263 | GP29: 129.25804 | GQ29: 130.17083 | GR29: 129.28567 | GS29: 125.57987 | GT29: 121.41676 | GU29: 129.88779 | GV29: 123.2107 | GW29: 137.52455 | GX29: 129.92893 | GY29: 130.81992 | GZ29: 130.69038 | HA29: 129.88779 | HB29: 129.88779 | HC29: 129.88779 | HD29: 130.21166 | HE29: 140.05501 | HF29: 140.24533 | HG29: 140.24533 | HH29: 140.24533 | HI29: 131.08973 | HJ29: 133.2142 | HK29: 132.80613 | HL29: 138.07887 | HM29: 133.62743 | HN29: 136.45077 | HO29: 118.87553 | HP29: 140.45048 | HQ29: 130.06628 | HR29: 130.45239 | HS29: 128.22038 | HT29: 126.08184 | HU29: 122.60379 | HV29: 118.97747 | HW29: 119.54322 | HX29: 129.58595 | HY29: 130.23355 | HZ29: 141.42249 | IA29: 118.96005 | IB29: 118.92605 | IC29: 113.75665 | ID29: 108.04527 | IE29: 101.64686 | IF29: 104.5931 | IG29: 115.93716 | IH29: 115.93126 | II29: 119.3079 | IJ29: 105.44189 | IK29: 105.43619
A30: 46049.604 | B30: 151.29442 | C30: 138.04101 | D30: 139.05089 | E30: 138.82885 | F30: 138.63618 | G30: 140.80616 | H30: 147.35199 | I30: 146.64823 | J30: 148.13336 | K30: 139.81974 | L30: 141.74667 | M30: 145.54229 | N30: 143.8249 | O30: 151.06261 | P30: 141.7075 | Q30: 148.45083 | R30: 141.94294 | S30: 149.30167 | T30: 126.31429 | U30: 127.38329 | V30: 147.17848 | W30: 142.19417 | X30: 137.00794 | Y30: 139.63107 | Z30: 147.89423 | AA30: 134.98499 | AB30: 140.7491 | AC30: 142.31236 | AD30: 141.7445 | AE30: 133.56778 | AF30: 145.80268 | AG30: 145.93456 | AH30: 147.02788 | AI30: 147.07393 | AJ30: 131.37324 | AK30: 147.51474 | AL30: 134.44244 | AM30: 135.16676 | AN30: 146.56915 | AO30: 134.71829 | AP30: 125.41935 | AQ30: 125.98932 | AR30: 147.60368 | AS30: 142.42937 | AT30: 138.68859 | AU30: 147.31691 | AV30: 143.08413 | AW30: 134.88359 | AX30: 135.6076 | AY30: 151.60251 | AZ30: 140.51907 | BA30: 139.63223 | BB30: 138.86449 | BC30: 138.70179 | BD30: 138.85082 | BE30: 139.19708 | BF30: 146.26544 | BG30: 147.45929 | BH30: 147.45929 | BI30: 147.45929 | BJ30: 135.89413 | BK30: 136.79933 | BL30: 147.13395 | BM30: 146.74159 | BN30: 141.37711 | BO30: 138.59128 | BP30: 145.66172 | BQ30: 131.45868 | BR30: 131.48629 | BS30: 141.08381 | BT30: 138.91106 | BU30: 146.49886 | BV30: 151.47326 | BW30: 146.70429 | BX30: 141.88875 | BY30: 141.88875 | BZ30: 145.95301 | CA30: 148.31381 | CB30: 141.22092 | CC30: 143.72595 | CD30: 142.75777 | CE30: 146.5582 | CF30: 138.98382 | CG30: 151.47326 | CH30: 139.85761 | CI30: 140.3942 | CJ30: 140.67426 | CK30: 154.8611 | CL30: 154.8611 | CM30: 152.56917 | CN30: 150.79263 | CO30: 152.89162 | CP30: 139.96462 | CQ30: 140.24817 | CR30: 143.84718 | CS30: 138.71842 | CT30: 136.97858 | CU30: 149.67771 | CV30: 139.56519 | CW30: 139.8528 | CX30: 151.79346 | CY30: 136.63965 | CZ30: 140.22458 | DA30: 140.92794 | DB30: 140.14206 | DC30: 148.99352 | DD30: 149.36739 | DE30: 146.70429 | DF30: 146.13546 | DG30: 141.00996 | DH30: 141.88875 | DI30: 142.82518 | DJ30: 147.39664 | DK30: 153.9702 | DL30: 146.65144 | DM30: 145.95789 | DN30: 138.40614 | DO30: 152.83731 | DP30: 151.25887 | DQ30: 145.16838 | DR30: 126.73002 | DS30: 151.12222 | DT30: 138.51646 | DU30: 139.06942 | DV30: 141.43363 | DW30: 147.72756 | DX30: 149.50874 | DY30: 134.36495 | DZ30: 131.17997 | EA30: 131.17997 | EB30: 132.88075 | EC30: 140.23494 | ED30: 140.56343 | EE30: 137.53189 | EF30: 138.43825 | EG30: 141.81306 | EH30: 140.18545 | EI30: 163.09805 | EJ30: 148.45065 | EK30: 148.45065 | EL30: 137.69637 | EM30: 146.31773 | EN30: 146.8149 | EO30: 146.70429 | EP30: 140.23287 | EQ30: 139.31003 | ER30: 152.87604 | ES30: 140.00648 | ET30: 140.46328 | EU30: 144.44186 | EV30: 136.77066 | EW30: 135.57671 | EX30: 137.98498 | EY30: 143.58125 | EZ30: 137.54824 | FA30: 135.38052 | FB30: 133.42485 | FC30: 138.25251 | FD30: 139.60515 | FE30: 140.16982 | FF30: 159.90669 | FG30: 138.21524 | FH30: 152.87955 | FI30: 142.85064 | FJ30: 179.83346 | FK30: 148.80911 | FL30: 160.44671 | FM30: 132.60529 | FN30: 133.33445 | FO30: 138.52256 | FP30: 140.76062 | FQ30: 145.97067 | FR30: 145.44494 | FS30: 145.95301 | FT30: 145.37143 | FU30: 145.37143 | FV30: 154.61446 | FW30: 154.61446 | FX30: 153.19349 | FY30: 145.89795 | FZ30: 145.82461 | GA30: 134.51042 | GB30: 134.97505 | GC30: 144.12154 | GD30: 142.74628 | GE30: 143.46424 | GF30: 151.47326 | GG30: 151.47326 | GH30: 147.62088 | GI30: 134.93883 | GJ30: 146.11706 | GK30: 146.13546 | GL30: 151.48628 | GM30: 136.63938 | GN30: 151.48628 | GO30: 145.37143 | GP30: 141.5619 | GQ30: 145.53149 | GR30: 142.83128 | GS30: 137.67856 | GT30: 132.0148 | GU30: 142.15112 | GV30: 136.69605 | GW30: 150.03413 | GX30: 145.10822 | GY30: 146.05016 | GZ30: 145.81314 | HA30: 142.15112 | HB30: 142.15112 | HC30: 142.15112 | HD30: 145.53997 | HE30: 152.66773 | HF30: 152.87604 | HG30: 152.87604 | HH30: 152.87604 | HI30: 139.21496 | HJ30: 148.53184 | HK30: 148.13713 | HL30: 146.88765 | HM30: 149.12714 | HN30: 148.84041 | HO30: 134.09529 | HP30: 153.13909 | HQ30: 142.24607 | HR30: 142.66311 | HS30: 138.37234 | HT30: 138.17637 | HU30: 132.23969 | HV30: 129.40374 | HW30: 130.00788 | HX30: 141.32977 | HY30: 142.38094 | HZ30: 154.13094
A31: 46049.625 | B31: 159.94019 | C31: 146.1095 | D31: 147.21016 | E31: 146.9889 | F31: 146.77031 | G31: 148.49993 | H31: 156.29068 | I31: 155.62208 | J31: 157.05835 | K31: 147.49915 | L31: 150.13189 | M31: 154.49742 | N31: 152.74666 | O31: 160.07706 | P31: 149.80856 | Q31: 157.33202 | R31: 150.82871 | S31: 158.20109 | T31: 134.41089 | U31: 135.48297 | V31: 155.93353 | W31: 150.10545 | X31: 144.88549 | Y31: 147.61083 | Z31: 156.80362 | AA31: 142.96325 | AB31: 148.54595 | AC31: 150.3383 | AD31: 149.62648 | AE31: 141.61007 | AF31: 154.53721 | AG31: 154.64318 | AH31: 155.83479 | AI31: 155.84288 | AJ31: 139.14502 | AK31: 156.2851 | AL31: 142.38334 | AM31: 143.12709 | AN31: 155.33285 | AO31: 142.24985 | AP31: 133.21088 | AQ31: 133.8001 | AR31: 156.65222 | AS31: 150.78337 | AT31: 146.89313 | AU31: 156.10094 | AV31: 151.0862 | AW31: 142.2836 | AX31: 143.09004 | AY31: 160.33234 | AZ31: 148.42173 | BA31: 147.38851 | BB31: 146.59971 | BC31: 146.34886 | BD31: 146.47216 | BE31: 146.88399 | BF31: 155.03294 | BG31: 156.24708 | BH31: 156.24708 | BI31: 156.24708 | BJ31: 143.7286 | BK31: 144.67802 | BL31: 155.60516 | BM31: 155.18234 | BN31: 149.29016 | BO31: 146.56104 | BP31: 154.68548 | BQ31: 139.25641 | BR31: 139.28566 | BS31: 149.46748 | BT31: 147.70444 | BU31: 154.81075 | BV31: 160.1891 | BW31: 155.44285 | BX31: 149.93908 | BY31: 149.93908 | BZ31: 154.51292 | CA31: 157.62854 | CB31: 149.11027 | CC31: 152.72531 | CD31: 151.70482 | CE31: 155.79502 | CF31: 147.11006 | CG31: 160.1891 | CH31: 147.76169 | CI31: 148.29712 | CJ31: 148.94309 | CK31: 163.95 | CL31: 163.95 | CM31: 161.3077 | CN31: 159.43467 | CO31: 161.68134 | CP31: 147.93985 | CQ31: 148.99892 | CR31: 152.68933 | CS31: 146.56332 | CT31: 144.96345 | CU31: 159.08914 | CV31: 147.93573 | CW31: 148.19773 | CX31: 160.93775 | CY31: 144.75804 | CZ31: 148.10929 | DA31: 148.69107 | DB31: 148.10128 | DC31: 157.83967 | DD31: 158.20556 | DE31: 155.44285 | DF31: 154.85038 | DG31: 148.95858 | DH31: 149.93908 | DI31: 150.66781 | DJ31: 156.18835 | DK31: 163.64018 | DL31: 155.60448 | DM31: 154.87318 | DN31: 146.00641 | DO31: 161.58725 | DP31: 159.91711 | DQ31: 153.88542 | DR31: 134.2829 | DS31: 159.77208 | DT31: 146.22512 | DU31: 146.80168 | DV31: 149.45227 | DW31: 156.46487 | DX31: 158.22796 | DY31: 142.76999 | DZ31: 137.38731 | EA31: 137.38731 | EB31: 140.85284 | EC31: 148.44799 | ED31: 148.79589 | EE31: 145.86127 | EF31: 146.6163 | EG31: 152.19336 | EH31: 148.23888 | EI31: 172.92334 | EJ31: 157.50295 | EK31: 157.50295 | EL31: 145.72468 | EM31: 155.03681 | EN31: 155.56629 | EO31: 155.44285 | EP31: 148.34736 | EQ31: 147.46985 | ER31: 161.62648 | ES31: 147.80243 | ET31: 148.35434 | EU31: 152.53432 | EV31: 144.72216 | EW31: 143.43518 | EX31: 145.93692 | EY31: 152.60934 | EZ31: 146.27857 | FA31: 143.5512 | FB31: 141.48769 | FC31: 146.39517 | FD31: 147.72271 | FE31: 148.27705 | FF31: 169.91458 | FG31: 146.47489 | FH31: 161.61292 | FI31: 150.86751 | FJ31: 190.15425 | FK31: 157.338 | FL31: 169.39387 | FM31: 138.75063 | FN31: 139.65388 | FO31: 146.46256 | FP31: 149.02966 | FQ31: 154.53162 | FR31: 153.97547 | FS31: 154.51292 | FT31: 154.05127 | FU31: 154.05127 | FV31: 167.17767 | FW31: 167.17767 | FX31: 165.522 | FY31: 154.77988 | FZ31: 154.70523 | GA31: 142.38069 | GB31: 142.84496 | GC31: 152.45504 | GD31: 151.7028 | GE31: 152.15613 | GF31: 160.1891 | GG31: 160.1891 | GH31: 156.54333 | GI31: 142.91587 | GJ31: 154.86247 | GK31: 154.85038 | GL31: 160.61206 | GM31: 145.87711 | GN31: 160.61206 | GO31: 154.05127 | GP31: 149.27584 | GQ31: 154.24511 | GR31: 151.1726 | GS31: 145.63409 | GT31: 140.04942 | GU31: 149.773 | GV31: 145.11605 | GW31: 158.64471 | GX31: 153.83728 | GY31: 154.76386 | GZ31: 154.51676 | HA31: 149.773 | HB31: 149.773 | HC31: 149.57909 | HD31: 154.24367 | HE31: 161.40915 | HF31: 161.62648 | HG31: 161.62648 | HH31: 161.62648 | HI31: 147.45391 | HJ31: 157.53226 | HK31: 157.12447 | HL31: 155.61216 | HM31: 158.04579 | HN31: 157.37719 | HO31: 143.16102 | HP31: 161.89367 | HQ31: 150.22453 | HR31: 150.65869 | HS31: 146.67396 | HT31: 146.11941 | HU31: 139.77476 | HV31: 137.34315 | HW31: 137.96906 | HX31: 149.45966 | HY31: 150.40493 | HZ31: 162.94052
A32: 46049.646 | B32: 160.43713 | C32: 145.85087 | D32: 147.00161 | E32: 146.76274 | F32: 146.54217 | G32: 148.31839 | H32: 156.03737 | I32: 155.31011 | J32: 156.85947 | K32: 147.02331 | L32: 150.02068 | M32: 154.2021 | N32: 152.39386 | O32: 160.53335 | P32: 150.19086 | Q32: 157.17675 | R32: 150.31056 | S32: 158.62576 | T32: 133.67865 | U32: 134.80711 | V32: 156.33066 | W32: 150.12489 | X32: 144.80485 | Y32: 147.58296 | Z32: 156.57301 | AA32: 142.39993 | AB32: 147.66902 | AC32: 150.30673 | AD32: 149.6437 | AE32: 141.29577 | AF32: 155.08549 | AG32: 155.19858 | AH32: 156.48464 | AI32: 156.41213 | AJ32: 138.94506 | AK32: 156.69569 | AL32: 141.85105 | AM32: 142.62111 | AN32: 155.05721 | AO32: 142.66191 | AP32: 132.61025 | AQ32: 133.22017 | AR32: 156.26203 | AS32: 150.38132 | AT32: 146.37328 | AU32: 155.85949 | AV32: 151.08246 | AW32: 142.57626 | AX32: 143.34825 | AY32: 160.87874 | AZ32: 148.32607 | BA32: 147.19503 | BB32: 146.39018 | BC32: 146.08401 | BD32: 146.18903 | BE32: 146.64451 | BF32: 154.75804 | BG32: 156.01049 | BH32: 156.01049 | BI32: 156.01049 | BJ32: 143.42649 | BK32: 144.40087 | BL32: 155.84114 | BM32: 155.39629 | BN32: 148.03516 | BO32: 145.47452 | BP32: 154.31194 | BQ32: 139.0391 | BR32: 139.0683 | BS32: 149.10839 | BT32: 147.72416 | BU32: 153.33998 | BV32: 160.72672 | BW32: 155.19866 | BX32: 148.5146 | BY32: 148.5146 | BZ32: 154.6366 | CA32: 159.11623 | CB32: 148.02971 | CC32: 152.24186 | CD32: 151.20059 | CE32: 157.42808 | CF32: 146.5117 | CG32: 160.72672 | CH32: 147.7068 | CI32: 148.20915 | CJ32: 148.53814 | CK32: 164.59842 | CL32: 164.59842 | CM32: 161.63757 | CN32: 159.92604 | CO32: 162.23677 | CP32: 147.99417 | CQ32: 149.05534 | CR32: 152.78762 | CS32: 146.42139 | CT32: 144.16422 | CU32: 158.5146 | CV32: 147.81621 | CW32: 148.02479 | CX32: 160.70106 | CY32: 144.31919 | CZ32: 148.74781 | DA32: 148.9915 | DB32: 146.63616 | DC32: 157.69255 | DD32: 158.08159 | DE32: 155.19866 | DF32: 154.57211 | DG32: 147.44263 | DH32: 148.5146 | DI32: 150.65203 | DJ32: 155.95946 | DK32: 165.18461 | DL32: 155.34591 | DM32: 154.58733 | DN32: 145.70848 | DO32: 161.93754 | DP32: 160.32214 | DQ32: 154.17013 | DR32: 133.94416 | DS32: 160.1627 | DT32: 146.00163 | DU32: 146.59306 | DV32: 149.47257 | DW32: 156.30062 | DX32: 158.2056 | DY32: 142.17756 | DZ32: 140.19418 | EA32: 140.19418 | EB32: 140.65768 | EC32: 147.92825 | ED32: 148.26499 | EE32: 145.95205 | EF32: 146.65574 | EG32: 151.97539 | EH32: 148.27181 | EI32: 172.66903 | EJ32: 157.16243 | EK32: 157.16243 | EL32: 144.95362 | EM32: 154.77259 | EN32: 155.32475 | EO32: 155.19866 | EP32: 148.20212 | EQ32: 146.60386 | ER32: 161.98128 | ES32: 147.68997 | ET32: 148.25685 | EU32: 152.51773 | EV32: 144.58473 | EW32: 143.41656 | EX32: 145.7711 | EY32: 152.05821 | EZ32: 145.66694 | FA32: 143.29917 | FB32: 141.17726 | FC32: 146.28651 | FD32: 147.69807 | FE32: 148.28741 | FF32: 170.03218 | FG32: 146.24575 | FH32: 162.02978 | FI32: 150.86012 | FJ32: 190.5792 | FK32: 157.68118 | FL32: 169.92038 | FM32: 138.77382 | FN32: 139.64051 | FO32: 146.2902 | FP32: 148.63004 | FQ32: 154.65531 | FR32: 154.0748 | FS32: 154.6366 | FT32: 153.71473 | FU32: 153.71473 | FV32: 167.52267 | FW32: 167.52267 | FX32: 165.80465 | FY32: 154.48859 | FZ32: 154.41345 | GA32: 140.84599 | GB32: 141.26888 | GC32: 152.46818 | GD32: 151.19622 | GE32: 152.34226 | GF32: 160.72672 | GG32: 160.72672 | GH32: 156.269 | GI32: 142.35139 | GJ32: 154.57913 | GK32: 154.57211 | GL32: 160.37585 | GM32: 145.40509 | GN32: 160.37585 | GO32: 153.71473 | GP32: 149.14661 | GQ32: 153.88367 | GR32: 150.50552 | GS32: 145.35381 | GT32: 139.70671 | GU32: 149.74722 | GV32: 144.62611 | GW32: 158.99925 | GX32: 153.52612 | GY32: 154.47988 | GZ32: 154.22618 | HA32: 149.74722 | HB32: 149.74722 | HC32: 149.56193 | HD32: 153.89464 | HE32: 161.75122 | HF32: 161.98128 | HG32: 161.98128 | HH32: 161.98128 | HI32: 147.24309 | HJ32: 157.30386 | HK32: 156.87801 | HL32: 155.63889 | HM32: 157.9053 | HN32: 157.69423 | HO32: 142.6978 | HP32: 162.29578 | HQ32: 150.18916 | HR32: 150.63842 | HS32: 146.47086 | HT32: 145.87835 | HU32: 139.82607 | HV32: 136.91236 | HW32: 137.55862 | HX32: 149.99117 | HY32: 150.37852 | HZ32: 163.32069
A33: 46049.667 | B33: 160.50169 | C33: 146.02134 | D33: 147.16754 | E33: 146.91993 | F33: 146.70762 | G33: 148.32666 | H33: 155.73542 | I33: 154.79908 | J33: 156.68068 | K33: 147.04507 | L33: 150.2332 | M33: 154.30006 | N33: 152.51062 | O33: 160.71738 | P33: 150.11165 | Q33: 157.10923 | R33: 150.22479 | S33: 158.86843 | T33: 133.38385 | U33: 134.54135 | V33: 156.64317 | W33: 150.20109 | X33: 145.04471 | Y33: 147.65052 | Z33: 156.67588 | AA33: 142.31674 | AB33: 147.64727 | AC33: 150.38105 | AD33: 149.72257 | AE33: 141.32778 | AF33: 155.33263 | AG33: 155.44085 | AH33: 156.71433 | AI33: 156.6511 | AJ33: 138.91182 | AK33: 157.01857 | AL33: 141.84871 | AM33: 142.61288 | AN33: 154.97726 | AO33: 142.59286 | AP33: 132.61779 | AQ33: 133.22991 | AR33: 155.19475 | AS33: 150.45475 | AT33: 146.45339 | AU33: 155.92308 | AV33: 151.14475 | AW33: 142.31244 | AX33: 143.12263 | AY33: 161.00907 | AZ33: 148.39587 | BA33: 147.25507 | BB33: 146.45422 | BC33: 146.14186 | BD33: 146.23909 | BE33: 146.69998 | BF33: 154.84155 | BG33: 156.07453 | BH33: 156.07453 | BI33: 156.07453 | BJ33: 143.49465 | BK33: 144.45922 | BL33: 156.39911 | BM33: 155.80461 | BN33: 148.00253 | BO33: 145.41192 | BP33: 154.35097 | BQ33: 139.01353 | BR33: 139.04272 | BS33: 149.059 | BT33: 148.02158 | BU33: 153.29645 | BV33: 160.8695 | BW33: 155.22615 | BX33: 148.47243 | BY33: 148.47243 | BZ33: 154.81961 | CA33: 159.20813 | CB33: 148.01477 | CC33: 152.15576 | CD33: 151.11226 | CE33: 157.56611 | CF33: 146.84234 | CG33: 160.8695 | CH33: 147.76784 | CI33: 148.2773 | CJ33: 148.65196 | CK33: 164.83427 | CL33: 164.83427 | CM33: 161.50469 | CN33: 160.13461 | CO33: 162.42844 | CP33: 147.99616 | CQ33: 149.35176 | CR33: 152.98426 | CS33: 146.48327 | CT33: 144.08442 | CU33: 158.41696 | CV33: 147.90499 | CW33: 148.0769 | CX33: 160.80664 | CY33: 144.30018 | CZ33: 148.98201 | DA33: 149.23588 | DB33: 146.63801 | DC33: 157.74731 | DD33: 158.16647 | DE33: 155.22615 | DF33: 154.5856 | DG33: 147.40535 | DH33: 148.47243 | DI33: 150.67119 | DJ33: 156.01693 | DK33: 165.28001 | DL33: 155.46631 | DM33: 154.70729 | DN33: 145.76531 | DO33: 161.79017 | DP33: 160.42511 | DQ33: 154.51216 | DR33: 133.91613 | DS33: 160.27654 | DT33: 146.07808 | DU33: 146.66138 | DV33: 149.50375 | DW33: 156.40764 | DX33: 158.48191 | DY33: 142.08233 | DZ33: 140.02042 | EA33: 140.02042 | EB33: 140.77092 | EC33: 148.12797 | ED33: 148.4449 | EE33: 145.98403 | EF33: 146.7031 | EG33: 152.25405 | EH33: 148.29777 | EI33: 172.78248 | EJ33: 156.12443 | EK33: 156.12443 | EL33: 144.87819 | EM33: 154.79717 | EN33: 155.34174 | EO33: 155.22615 | EP33: 148.20122 | EQ33: 146.79322 | ER33: 161.84192 | ES33: 147.76483 | ET33: 148.32721 | EU33: 152.57928 | EV33: 144.57767 | EW33: 143.36091 | EX33: 145.77163 | EY33: 151.96455 | EZ33: 145.81669 | FA33: 143.3574 | FB33: 141.21497 | FC33: 146.30719 | FD33: 147.73914 | FE33: 148.33696 | FF33: 170.38516 | FG33: 146.39998 | FH33: 162.01652 | FI33: 150.90986 | FJ33: 191.25473 | FK33: 158.11174 | FL33: 169.76989 | FM33: 139.00209 | FN33: 139.84774 | FO33: 146.27411 | FP33: 148.74524 | FQ33: 154.83834 | FR33: 154.25658 | FS33: 154.81961 | FT33: 153.89451 | FU33: 153.89451 | FV33: 167.906 | FW33: 167.906 | FX33: 166.17597 | FY33: 154.60212 | FZ33: 154.51749 | GA33: 141.10782 | GB33: 141.4788 | GC33: 152.51427 | GD33: 151.10512 | GE33: 152.67917 | GF33: 160.8695 | GG33: 160.8695 | GH33: 155.77477 | GI33: 142.26659 | GJ33: 154.73464 | GK33: 154.5856 | GL33: 160.48123 | GM33: 145.55848 | GN33: 160.48123 | GO33: 153.89451 | GP33: 149.13182 | GQ33: 154.05015 | GR33: 150.53723 | GS33: 145.41321 | GT33: 139.7345 | GU33: 149.76251 | GV33: 144.54065 | GW33: 159.56283 | GX33: 153.62011 | GY33: 154.50584 | GZ33: 154.26505 | HA33: 149.76251 | HB33: 149.76251 | HC33: 149.56798 | HD33: 154.0614 | HE33: 161.61224 | HF33: 161.84192 | HG33: 161.84192 | HH33: 161.84192 | HI33: 147.42508 | HJ33: 157.39826 | HK33: 156.97118 | HL33: 155.95355 | HM33: 157.87289 | HN33: 157.98724 | HO33: 142.84833 | HP33: 162.22598 | HQ33: 150.25001 | HR33: 150.70003 | HS33: 146.58876 | HT33: 145.92777 | HU33: 139.82795 | HV33: 136.94786 | HW33: 137.59213 | HX33: 150.09612 | HY33: 150.44809 | HZ33: 163.16312
A34: 46049.688 | B34: 160.2385 | C34: 146.01997 | D34: 147.15461 | E34: 146.91289 | F34: 146.70249 | G34: 148.3536 | H34: 155.72034 | I34: 154.80864 | J34: 156.6524 | K34: 147.36574 | L34: 150.27831 | M34: 154.13819 | N34: 152.34777 | O34: 160.62626 | P34: 149.84776 | Q34: 157.06549 | R34: 150.4088 | S34: 158.74437 | T34: 133.68571 | U34: 134.83476 | V34: 156.47158 | W34: 150.23043 | X34: 145.08335 | Y34: 147.69514 | Z34: 156.53014 | AA34: 142.39887 | AB34: 147.9826 | AC34: 150.41143 | AD34: 149.75383 | AE34: 141.38515 | AF34: 155.15103 | AG34: 155.26299 | AH34: 156.558 | AI34: 156.47489 | AJ34: 138.98873 | AK34: 156.84851 | AL34: 141.91117 | AM34: 142.67863 | AN34: 155.041 | AO34: 142.72935 | AP34: 132.84597 | AQ34: 133.44841 | AR34: 155.69281 | AS34: 150.44685 | AT34: 146.43637 | AU34: 155.92016 | AV34: 151.16778 | AW34: 142.85453 | AX34: 143.60721 | AY34: 160.74741 | AZ34: 148.49523 | BA34: 147.46858 | BB34: 146.66414 | BC34: 146.42205 | BD34: 146.55847 | BE34: 146.96605 | BF34: 154.81353 | BG34: 156.07625 | BH34: 156.07625 | BI34: 156.07625 | BJ34: 143.61381 | BK34: 144.55598 | BL34: 155.91767 | BM34: 155.45282 | BN34: 148.31962 | BO34: 145.6432 | BP34: 154.35034 | BQ34: 139.06436 | BR34: 139.09356 | BS34: 149.14167 | BT34: 147.87689 | BU34: 153.64277 | BV34: 160.60295 | BW34: 155.22324 | BX34: 148.80785 | BY34: 148.80785 | BZ34: 154.67712 | CA34: 159.27915 | CB34: 148.33542 | CC34: 152.33313 | CD34: 151.28255 | CE34: 157.64928 | CF34: 146.99941 | CG34: 160.60295 | CH34: 147.87349 | CI34: 148.37785 | CJ34: 148.69866 | CK34: 164.64812 | CL34: 164.64812 | CM34: 161.20586 | CN34: 159.8422 | CO34: 162.03863 | CP34: 148.13816 | CQ34: 149.20843 | CR34: 152.94912 | CS34: 146.46252 | CT34: 144.24055 | CU34: 159.06951 | CV34: 147.9372 | CW34: 148.12537 | CX34: 160.65706 | CY34: 144.37798 | CZ34: 149.11692 | DA34: 149.35359 | DB34: 146.91928 | DC34: 157.69851 | DD34: 158.08984 | DE34: 155.22324 | DF34: 154.58752 | DG34: 147.74818 | DH34: 148.80785 | DI34: 150.67449 | DJ34: 156.01939 | DK34: 165.35374 | DL34: 155.35298 | DM34: 154.59332 | DN34: 146.07846 | DO34: 161.4948 | DP34: 160.1627 | DQ34: 154.34232 | DR34: 133.98281 | DS34: 160.00953 | DT34: 146.27759 | DU34: 146.86783 | DV34: 149.5642 | DW34: 156.39188 | DX34: 158.44518 | DY34: 142.2442 | DZ34: 140.28612 | EA34: 140.28612 | EB34: 140.8123 | EC34: 148.21626 | ED34: 148.52333 | EE34: 146.08116 | EF34: 146.77753 | EG34: 151.92814 | EH34: 148.4083 | EI34: 172.62175 | EJ34: 156.62461 | EK34: 156.62461 | EL34: 145.04268 | EM34: 154.79631 | EN34: 155.33734 | EO34: 155.22324 | EP34: 148.13926 | EQ34: 146.93692 | ER34: 161.54901 | ES34: 147.86173 | ET34: 148.4263 | EU34: 152.60411 | EV34: 144.64513 | EW34: 143.48443 | EX34: 145.81308 | EY34: 152.59052 | EZ34: 145.6371 | FA34: 143.421 | FB34: 141.30937 | FC34: 146.51792 | FD34: 147.86479 | FE34: 148.42723 | FF34: 170.28083 | FG34: 146.37822 | FH34: 161.75823 | FI34: 150.97593 | FJ34: 190.59977 | FK34: 157.6867 | FL34: 169.42732 | FM34: 139.73359 | FN34: 140.53053 | FO34: 146.28938 | FP34: 148.79304 | FQ34: 154.69583 | FR34: 154.12348 | FS34: 154.67712 | FT34: 153.90431 | FU34: 153.90431 | FV34: 167.59405 | FW34: 167.59405 | FX34: 165.86249 | FY34: 154.51222 | FZ34: 154.42706 | GA34: 141.37942 | GB34: 141.63769 | GC34: 152.59684 | GD34: 151.26451 | GE34: 152.51131 | GF34: 160.60295 | GG34: 160.60295 | GH34: 156.05668 | GI34: 142.34862 | GJ34: 154.71365 | GK34: 154.58752 | GL34: 160.33194 | GM34: 145.29979 | GN34: 160.33194 | GO34: 153.90431 | GP34: 148.97368 | GQ34: 154.06164 | GR34: 150.56389 | GS34: 145.47104 | GT34: 139.81829 | GU34: 149.73012 | GV34: 144.66812 | GW34: 159.01641 | GX34: 153.58953 | GY34: 154.5143 | GZ34: 154.26675 | HA34: 149.73012 | HB34: 149.73012 | HC34: 149.5522 | HD34: 154.06882 | HE34: 161.31666 | HF34: 161.54901 | HG34: 161.54901 | HH34: 161.54901 | HI34: 147.42791 | HJ34: 157.19997 | HK34: 156.78009 | HL34: 156.07515 | HM34: 157.82968 | HN34: 157.70072 | HO34: 142.59446 | HP34: 161.94939 | HQ34: 150.27649 | HR34: 150.72579 | HS34: 146.63176 | HT34: 145.996 | HU34: 139.96212 | HV34: 137.04904 | HW34: 137.68787 | HX34: 149.85177 | HY34: 150.47981 | HZ34: 162.87181
A35: 46049.708 | B35: 159.90092 | C35: 145.5127 | D35: 146.62593 | E35: 146.39247 | F35: 146.19428 | G35: 148.26398 | H35: 156.47153 | I35: 155.65274 | J35: 157.12261 | K35: 147.18213 | L35: 149.62321 | M35: 154.28107 | N35: 152.47361 | O35: 160.18781 | P35: 149.45676 | Q35: 157.46531 | R35: 150.35133 | S35: 158.3847 | T35: 133.67216 | U35: 134.82344 | V35: 156.20233 | W35: 150.15285 | X35: 145.03796 | Y35: 147.63924 | Z35: 156.61935 | AA35: 142.30288 | AB35: 147.65727 | AC35: 150.24279 | AD35: 149.69598 | AE35: 141.27588 | AF35: 154.82871 | AG35: 154.94764 | AH35: 156.21668 | AI35: 156.15765 | AJ35: 138.90775 | AK35: 156.58085 | AL35: 141.80827 | AM35: 142.57318 | AN35: 155.28909 | AO35: 142.56491 | AP35: 132.60075 | AQ35: 133.21002 | AR35: 156.65188 | AS35: 150.59171 | AT35: 146.58573 | AU35: 156.04892 | AV35: 150.99544 | AW35: 145.42906 | AX35: 145.91887 | AY35: 160.45725 | AZ35: 148.22257 | BA35: 147.27904 | BB35: 146.47156 | BC35: 146.28739 | BD35: 146.45312 | BE35: 146.81847 | BF35: 154.91293 | BG35: 156.20843 | BH35: 156.20843 | BI35: 156.20843 | BJ35: 143.53735 | BK35: 144.45613 | BL35: 155.90021 | BM35: 155.35472 | BN35: 147.88525 | BO35: 145.31876 | BP35: 154.36773 | BQ35: 138.9977 | BR35: 139.02689 | BS35: 149.18206 | BT35: 147.63245 | BU35: 153.07268 | BV35: 160.32685 | BW35: 155.41549 | BX35: 148.2557 | BY35: 148.2557 | BZ35: 153.81557 | CA35: 158.67074 | CB35: 147.95373 | CC35: 152.27708 | CD35: 151.23526 | CE35: 157.03038 | CF35: 147.07378 | CG35: 160.32685 | CH35: 147.61562 | CI35: 148.10798 | CJ35: 148.75324 | CK35: 164.53898 | CL35: 164.53898 | CM35: 160.8356 | CN35: 159.64034 | CO35: 161.91205 | CP35: 148.87721 | CQ35: 148.96633 | CR35: 152.64668 | CS35: 146.42762 | CT35: 144.02547 | CU35: 158.1027 | CV35: 147.59075 | CW35: 147.96161 | CX35: 160.74862 | CY35: 144.23812 | CZ35: 149.12946 | DA35: 149.36098 | DB35: 146.60112 | DC35: 158.00639 | DD35: 158.4249 | DE35: 155.41549 | DF35: 154.76028 | DG35: 147.26053 | DH35: 148.2557 | DI35: 150.06143 | DJ35: 156.31995 | DK35: 164.72213 | DL35: 155.50058 | DM35: 154.74398 | DN35: 145.96986 | DO35: 161.11836 | DP35: 159.87595 | DQ35: 154.11615 | DR35: 133.98604 | DS35: 159.72701 | DT35: 146.08212 | DU35: 146.6753 | DV35: 149.84999 | DW35: 156.47394 | DX35: 157.19886 | DY35: 142.22164 | DZ35: 140.11862 | EA35: 140.11862 | EB35: 140.67494 | EC35: 148.25238 | ED35: 148.57768 | EE35: 146.11204 | EF35: 146.7709 | EG35: 152.02097 | EH35: 148.86852 | EI35: 172.72013 | EJ35: 157.52484 | EK35: 157.52484 | EL35: 144.82442 | EM35: 154.97636 | EN35: 155.58836 | EO35: 155.41549 | EP35: 148.03107 | EQ35: 146.93017 | ER35: 161.16909 | ES35: 147.586 | ET35: 148.1533 | EU35: 152.4197 | EV35: 144.51692 | EW35: 143.31786 | EX35: 145.71255 | EY35: 151.66309 | EZ35: 145.79321 | FA35: 143.2741 | FB35: 141.15857 | FC35: 146.52829 | FD35: 148.09084 | FE35: 148.74293 | FF35: 169.93209 | FG35: 145.95867 | FH35: 161.40206 | FI35: 149.89476 | FJ35: 190.68722 | FK35: 157.57043 | FL35: 169.00647 | FM35: 140.06228 | FN35: 140.80804 | FO35: 146.19404 | FP35: 148.84206 | FQ35: 153.83418 | FR35: 153.28613 | FS35: 153.81557 | FT35: 154.07103 | FU35: 154.07103 | FV35: 167.67222 | FW35: 167.67222 | FX35: 165.94262 | FY35: 154.6651 | FZ35: 154.57819 | GA35: 141.59573 | GB35: 141.68871 | GC35: 152.82984 | GD35: 151.22713 | GE35: 152.33011 | GF35: 160.32685 | GG35: 160.32685 | GH35: 156.63224 | GI35: 142.25262 | GJ35: 154.91285 | GK35: 154.76028 | GL35: 160.42332 | GM35: 145.36265 | GN35: 160.42332 | GO35: 154.07103 | GP35: 148.89951 | GQ35: 154.24389 | GR35: 150.7792 | GS35: 145.34478 | GT35: 139.68359 | GU35: 149.76676 | GV35: 144.66002 | GW35: 159.08937 | GX35: 153.68493 | GY35: 154.67997 | GZ35: 154.42203 | HA35: 149.76676 | HB35: 149.76676 | HC35: 149.5718 | HD35: 154.24937 | HE35: 160.92924 | HF35: 161.16909 | HG35: 161.16909 | HH35: 161.16909 | HI35: 146.95186 | HJ35: 157.32244 | HK35: 156.91322 | HL35: 155.06254 | HM35: 158.1651 | HN35: 157.5211 | HO35: 142.65614 | HP35: 161.56329 | HQ35: 150.0993 | HR35: 150.54853 | HS35: 146.4891 | HT35: 145.87015 | HU35: 140.66038 | HV35: 136.93767 | HW35: 137.56978 | HX35: 149.57106 | HY35: 150.32959 | HZ35: 162.46844
A36: 46049.729 | B36: 141.29457 | C36: 130.8028 | D36: 131.59373 | E36: 131.40458 | F36: 131.22634 | G36: 132.22786 | H36: 139.47077 | I36: 138.73791 | J36: 140.02345 | K36: 131.36721 | L36: 133.59716 | M36: 137.52995 | N36: 135.88053 | O36: 141.42247 | P36: 132.01653 | Q36: 140.26823 | R36: 134.14208 | S36: 139.93541 | T36: 118.30885 | U36: 119.33399 | V36: 138.13922 | W36: 133.20673 | X36: 128.69913 | Y36: 131.06423 | Z36: 139.62225 | AA36: 126.38466 | AB36: 131.54078 | AC36: 133.20045 | AD36: 132.82065 | AE36: 125.49209 | AF36: 136.88773 | AG36: 137.0017 | AH36: 138.14247 | AI36: 138.07228 | AJ36: 123.53806 | AK36: 138.46534 | AL36: 125.99771 | AM36: 126.67387 | AN36: 138.4276 | AO36: 126.6813 | AP36: 117.85135 | AQ36: 118.39037 | AR36: 140.21276 | AS36: 134.2495 | AT36: 130.691 | AU36: 139.09811 | AV36: 133.88417 | AW36: 128.1942 | AX36: 128.69156 | AY36: 141.77281 | AZ36: 131.47581 | BA36: 131.19859 | BB36: 130.48538 | BC36: 130.80377 | BD36: 130.8394 | BE36: 131.15614 | BF36: 138.07632 | BG36: 139.2473 | BH36: 139.2473 | BI36: 139.2473 | BJ36: 127.67489 | BK36: 128.41439 | BL36: 137.79914 | BM36: 137.40081 | BN36: 131.4911 | BO36: 129.08495 | BP36: 137.7421 | BQ36: 123.59843 | BR36: 123.62438 | BS36: 132.73918 | BT36: 130.69327 | BU36: 135.81886 | BV36: 141.66434 | BW36: 138.44559 | BX36: 131.54484 | BY36: 131.54484 | BZ36: 137.70619 | CA36: 140.4346 | CB36: 131.66227 | CC36: 135.89647 | CD36: 134.94857 | CE36: 139.12129 | CF36: 130.99652 | CG36: 141.66434 | CH36: 130.97028 | CI36: 131.38036 | CJ36: 132.36473 | CK36: 145.68231 | CL36: 145.68231 | CM36: 142.0716 | CN36: 141.0934 | CO36: 143.15279 | CP36: 131.69284 | CQ36: 131.87337 | CR36: 135.20899 | CS36: 130.12051 | CT36: 127.92499 | CU36: 140.31003 | CV36: 131.59199 | CW36: 131.37891 | CX36: 143.30339 | CY36: 128.08538 | CZ36: 132.2742 | DA36: 132.48663 | DB36: 130.01415 | DC36: 140.76254 | DD36: 141.11905 | DE36: 138.44559 | DF36: 137.86405 | DG36: 130.82506 | DH36: 131.54484 | DI36: 133.27518 | DJ36: 139.26794 | DK36: 145.7905 | DL36: 138.54433 | DM36: 137.8759 | DN36: 130.40999 | DO36: 142.34897 | DP36: 141.2964 | DQ36: 136.33885 | DR36: 119.38781 | DS36: 141.16963 | DT36: 130.1289 | DU36: 130.65903 | DV36: 132.68124 | DW36: 139.30345 | DX36: 139.8868 | DY36: 126.82508 | DZ36: 124.48168 | EA36: 124.48168 | EB36: 125.015 | EC36: 131.93529 | ED36: 132.2171 | EE36: 129.76362 | EF36: 130.32469 | EG36: 135.53347 | EH36: 131.73659 | EI36: 153.97569 | EJ36: 140.97521 | EK36: 140.97521 | EL36: 128.64153 | EM36: 138.05179 | EN36: 138.60237 | EO36: 138.44559 | EP36: 131.44632 | EQ36: 130.48826 | ER36: 142.38684 | ES36: 130.90365 | ET36: 131.41355 | EU36: 135.13707 | EV36: 128.40237 | EW36: 127.35246 | EX36: 129.46092 | EY36: 134.59512 | EZ36: 129.98461 | FA36: 127.33931 | FB36: 125.42284 | FC36: 129.75565 | FD36: 131.10877 | FE36: 131.67351 | FF36: 150.42439 | FG36: 130.43057 | FH36: 142.57667 | FI36: 132.95117 | FJ36: 168.69571 | FK36: 139.31623 | FL36: 149.24848 | FM36: 126.51224 | FN36: 127.01603 | FO36: 129.93483 | FP36: 132.4345 | FQ36: 137.72285 | FR36: 137.25583 | FS36: 137.70619 | FT36: 137.25144 | FU36: 137.25144 | FV36: 149.68242 | FW36: 149.68242 | FX36: 148.12024 | FY36: 137.80443 | FZ36: 137.7299 | GA36: 124.94709 | GB36: 125.05431 | GC36: 135.28371 | GD36: 134.94243 | GE36: 134.80296 | GF36: 141.66434 | GG36: 141.66434 | GH36: 139.88822 | GI36: 126.33987 | GJ36: 138.01525 | GK36: 137.86405 | GL36: 143.01339 | GM36: 129.5935 | GN36: 143.01339 | GO36: 137.25144 | GP36: 132.67137 | GQ36: 137.41625 | GR36: 134.1456 | GS36: 129.08423 | GT36: 124.09917 | GU36: 133.12816 | GV36: 128.86661 | GW36: 140.74196 | GX36: 136.9718 | GY36: 137.81597 | GZ36: 137.56917 | HA36: 133.12816 | HB36: 133.12816 | HC36: 132.95914 | HD36: 137.42105 | HE36: 142.16063 | HF36: 142.38684 | HG36: 142.38684 | HH36: 142.38684 | HI36: 131.4485 | HJ36: 140.33271 | HK36: 139.97639 | HL36: 137.96918 | HM36: 140.94678 | HN36: 139.31461 | HO36: 127.1806 | HP36: 142.72146 | HQ36: 133.0829 | HR36: 133.4805 | HS36: 130.18187 | HT36: 129.57822 | HU36: 124.42445 | HV36: 121.60265 | HW36: 122.18128 | HX36: 132.13472 | HY36: 133.26832 | HZ36: 143.49234
A37: 46049.75 | B37: 127.18249 | C37: 120.52597 | D37: 121.02088 | E37: 120.85797 | F37: 120.71171 | G37: 119.74693 | H37: 126.85869 | I37: 126.22961 | J37: 127.31517 | K37: 119.02699 | L37: 122.33952 | M37: 124.69464 | N37: 123.1224 | O37: 127.46585 | P37: 118.95529 | Q37: 127.48848 | R37: 121.26821 | S37: 126.14983 | T37: 107.9109 | U37: 108.81947 | V37: 124.57269 | W37: 120.73429 | X37: 116.56513 | Y37: 118.72327 | Z37: 126.65461 | AA37: 114.61837 | AB37: 119.16838 | AC37: 120.73889 | AD37: 120.38044 | AE37: 113.76103 | AF37: 123.272 | AG37: 123.39599 | AH37: 124.43267 | AI37: 124.36341 | AJ37: 111.75183 | AK37: 124.8644 | AL37: 114.28715 | AM37: 114.89884 | AN37: 125.80929 | AO37: 114.70795 | AP37: 106.84404 | AQ37: 107.33433 | AR37: 127.75551 | AS37: 121.97611 | AT37: 118.74282 | AU37: 126.38045 | AV37: 121.36089 | AW37: 117.9115 | AX37: 118.19843 | AY37: 127.46252 | AZ37: 119.22182 | BA37: 118.93998 | BB37: 118.28196 | BC37: 118.58248 | BD37: 118.55991 | BE37: 118.90139 | BF37: 125.39542 | BG37: 126.52391 | BH37: 126.52391 | BI37: 126.52391 | BJ37: 115.79847 | BK37: 116.45622 | BL37: 124.72584 | BM37: 124.26271 | BN37: 119.06149 | BO37: 116.9756 | BP37: 124.73819 | BQ37: 111.82934 | BR37: 111.85282 | BS37: 120.32215 | BT37: 117.58364 | BU37: 122.87996 | BV37: 127.34135 | BW37: 125.81656 | BX37: 119.0131 | BY37: 119.0131 | BZ37: 126.17361 | CA37: 126.52458 | CB37: 119.22882 | CC37: 122.84491 | CD37: 121.95921 | CE37: 125.38065 | CF37: 119.05834 | CG37: 127.34135 | CH37: 118.76163 | CI37: 119.13493 | CJ37: 120.2213 | CK37: 130.60755 | CL37: 130.60755 | CM37: 128.0607 | CN37: 126.70343 | CO37: 128.1876 | CP37: 119.93439 | CQ37: 118.73936 | CR37: 121.78253 | CS37: 117.94659 | CT37: 115.97747 | CU37: 126.118 | CV37: 120.00747 | CW37: 119.00288 | CX37: 129.99385 | CY37: 116.11985 | CZ37: 119.93578 | DA37: 120.11778 | DB37: 117.81722 | DC37: 127.94512 | DD37: 128.25538 | DE37: 125.81656 | DF37: 125.28091 | DG37: 118.47339 | DH37: 119.0131 | DI37: 120.7691 | DJ37: 126.57224 | DK37: 131.34998 | DL37: 125.79544 | DM37: 125.15163 | DN37: 118.15267 | DO37: 128.29759 | DP37: 127.3465 | DQ37: 123.00153 | DR37: 107.76557 | DS37: 127.2654 | DT37: 117.96682 | DU37: 118.44911 | DV37: 120.54918 | DW37: 126.53095 | DX37: 127.00824 | DY37: 114.75219 | DZ37: 112.79047 | EA37: 112.79047 | EB37: 113.70249 | EC37: 119.84309 | ED37: 120.0959 | EE37: 117.33258 | EF37: 117.93269 | EG37: 121.68077 | EH37: 119.89545 | EI37: 139.67495 | EJ37: 128.46338 | EK37: 128.46338 | EL37: 116.67255 | EM37: 125.45571 | EN37: 125.96511 | EO37: 125.81656 | EP37: 119.10462 | EQ37: 118.4707 | ER37: 128.32589 | ES37: 118.85495 | ET37: 119.18189 | EU37: 122.49757 | EV37: 116.33678 | EW37: 115.30391 | EX37: 117.31163 | EY37: 120.98114 | EZ37: 117.81518 | FA37: 115.41099 | FB37: 113.73073 | FC37: 118.06187 | FD37: 119.26705 | FE37: 119.7701 | FF37: 135.40633 | FG37: 119.40189 | FH37: 128.47454 | FI37: 120.50572 | FJ37: 152.20669 | FK37: 126.04842 | FL37: 134.50334 | FM37: 115.8877 | FN37: 116.19806 | FO37: 117.74282 | FP37: 120.28048 | FQ37: 126.18887 | FR37: 125.79363 | FS37: 126.17361 | FT37: 124.73158 | FU37: 124.73158 | FV37: 134.68763 | FW37: 134.68763 | FX37: 133.2516 | FY37: 125.12291 | FZ37: 125.03335 | GA37: 113.47274 | GB37: 113.52076 | GC37: 123.03966 | GD37: 121.91766 | GE37: 121.65927 | GF37: 127.34135 | GG37: 127.34135 | GH37: 127.24767 | GI37: 114.5778 | GJ37: 125.45143 | GK37: 125.28091 | GL37: 129.73079 | GM37: 116.19427 | GN37: 129.73079 | GO37: 124.73158 | GP37: 120.12998 | GQ37: 124.89837 | GR37: 121.91997 | GS37: 117.05632 | GT37: 112.45414 | GU37: 120.64713 | GV37: 116.70722 | GW37: 126.98526 | GX37: 124.36563 | GY37: 125.22533 | GZ37: 124.99493 | HA37: 120.64713 | HB37: 120.64713 | HC37: 120.53661 | HD37: 124.89883 | HE37: 128.11926 | HF37: 128.32589 | HG37: 128.32589 | HH37: 128.32589 | HI37: 120.5291 | HJ37: 127.33521 | HK37: 127.01101 | HL37: 126.09213 | HM37: 128.10443 | HN37: 125.73482 | HO37: 114.03085 | HP37: 128.60927 | HQ37: 120.63641 | HR37: 120.99681 | HS37: 118.40186 | HT37: 117.49674 | HU37: 113.31497 | HV37: 110.25365 | HW37: 110.75974 | HX37: 118.76893 | HY37: 120.8112 | HZ37: 129.30658
A38: 46049.771 | B38: 126.25527 | C38: 120.33445 | D38: 120.85308 | E38: 120.68466 | F38: 120.52026 | G38: 118.49515 | H38: 126.525 | I38: 125.90528 | J38: 126.9999 | K38: 117.82065 | L38: 122.25245 | M38: 124.74287 | N38: 123.30166 | O38: 127.23082 | P38: 117.92005 | Q38: 127.2069 | R38: 120.32479 | S38: 125.73311 | T38: 110.82788 | U38: 111.46956 | V38: 123.90845 | W38: 119.51709 | X38: 115.6638 | Y38: 117.72587 | Z38: 126.45989 | AA38: 113.91416 | AB38: 118.12229 | AC38: 119.74143 | AD38: 119.23663 | AE38: 113.03222 | AF38: 122.58996 | AG38: 124.51896 | AH38: 123.74269 | AI38: 123.65851 | AJ38: 110.82992 | AK38: 124.19245 | AL38: 113.5596 | AM38: 114.16577 | AN38: 125.4874 | AO38: 113.80443 | AP38: 106.23466 | AQ38: 106.71987 | AR38: 127.64778 | AS38: 121.77124 | AT38: 118.5703 | AU38: 126.11703 | AV38: 120.27792 | AW38: 117.51401 | AX38: 117.76116 | AY38: 126.52948 | AZ38: 118.19809 | BA38: 117.82225 | BB38: 117.17022 | BC38: 117.46721 | BD38: 117.27062 | BE38: 117.78394 | BF38: 125.06506 | BG38: 126.27218 | BH38: 126.27218 | BI38: 126.27218 | BJ38: 115.10959 | BK38: 115.69891 | BL38: 123.54118 | BM38: 123.16179 | BN38: 118.12147 | BO38: 116.21127 | BP38: 124.57798 | BQ38: 110.75778 | BR38: 110.77429 | BS38: 119.83258 | BT38: 117.20184 | BU38: 118.7249 | BV38: 126.4039 | BW38: 125.47953 | BX38: 118.13528 | BY38: 118.13528 | BZ38: 126.38633 | CA38: 126.07038 | CB38: 118.22024 | CC38: 122.29 | CD38: 121.28823 | CE38: 124.7988 | CF38: 118.29021 | CG38: 126.4039 | CH38: 117.76648 | CI38: 118.11659 | CJ38: 119.71016 | CK38: 130.10167 | CL38: 130.10167 | CM38: 127.04843 | CN38: 125.74275 | CO38: 127.25207 | CP38: 119.25736 | CQ38: 118.27941 | CR38: 122.3419 | CS38: 117.03773 | CT38: 115.27368 | CU38: 123.58904 | CV38: 119.85257 | CW38: 118.18602 | CX38: 129.98408 | CY38: 115.48651 | CZ38: 118.80666 | DA38: 118.98203 | DB38: 117.12317 | DC38: 127.64214 | DD38: 127.94277 | DE38: 125.47953 | DF38: 124.92758 | DG38: 117.6192 | DH38: 118.13528 | DI38: 119.64119 | DJ38: 126.242 | DK38: 132.38436 | DL38: 125.98584 | DM38: 125.27164 | DN38: 116.75806 | DO38: 127.29464 | DP38: 126.3277 | DQ38: 122.37319 | DR38: 107.12672 | DS38: 126.23758 | DT38: 116.8565 | DU38: 117.33512 | DV38: 119.71729 | DW38: 126.27967 | DX38: 126.81589 | DY38: 114.22749 | DZ38: 111.79304 | EA38: 111.79304 | EB38: 114.09959 | EC38: 119.2586 | ED38: 119.50839 | EE38: 116.52798 | EF38: 117.04476 | EG38: 122.92867 | EH38: 119.25091 | EI38: 140.13665 | EJ38: 128.4063 | EK38: 128.4063 | EL38: 116.11607 | EM38: 125.10888 | EN38: 125.62952 | EO38: 125.47953 | EP38: 118.13488 | EQ38: 117.93167 | ER38: 127.32407 | ES38: 117.89096 | ET38: 118.16465 | EU38: 121.19459 | EV38: 115.47579 | EW38: 114.40891 | EX38: 116.41155 | EY38: 120.02758 | EZ38: 117.95152 | FA38: 114.73812 | FB38: 113.05008 | FC38: 118.0495 | FD38: 118.83141 | FE38: 119.15829 | FF38: 135.18535 | FG38: 119.19706 | FH38: 127.43797 | FI38: 119.45408 | FJ38: 157.17477 | FK38: 125.53789 | FL38: 133.48878 | FM38: 115.17266 | FN38: 115.41603 | FO38: 116.81918 | FP38: 119.75603 | FQ38: 126.40175 | FR38: 125.97868 | FS38: 126.38633 | FT38: 124.36069 | FU38: 124.36069 | FV38: 136.59531 | FW38: 136.59531 | FX38: 135.08483 | FY38: 125.19341 | FZ38: 125.07241 | GA38: 113.23153 | GB38: 113.20333 | GC38: 122.84171 | GD38: 121.34427 | GE38: 121.05391 | GF38: 126.4039 | GG38: 126.4039 | GH38: 127.04449 | GI38: 113.87418 | GJ38: 125.10888 | GK38: 124.92758 | GL38: 129.79843 | GM38: 117.09561 | GN38: 129.79843 | GO38: 124.36069 | GP38: 118.91096 | GQ38: 124.53491 | GR38: 121.30978 | GS38: 116.20909 | GT38: 111.8477 | GU38: 119.46897 | GV38: 116.22565 | GW38: 125.71487 | GX38: 123.99571 | GY38: 124.87435 | GZ38: 124.64184 | HA38: 119.46897 | HB38: 119.46897 | HC38: 119.35876 | HD38: 124.53491 | HE38: 127.1224 | HF38: 127.32407 | HG38: 127.32407 | HH38: 127.32407 | HI38: 120.31729 | HJ38: 127.17206 | HK38: 126.85667 | HL38: 126.19813 | HM38: 127.7875 | HN38: 124.7074 | HO38: 114.85616 | HP38: 127.57727 | HQ38: 119.57754 | HR38: 119.9365 | HS38: 117.70813 | HT38: 116.65627 | HU38: 113.82233 | HV38: 109.75716 | HW38: 110.23172 | HX38: 118.19404 | HY38: 119.81443 | HZ38: 128.31782
A39: 46049.792 | B39: 126.85014 | C39: 120.42037 | D39: 120.93165 | E39: 120.76015 | F39: 120.59692 | G39: 118.01759 | H39: 125.18556 | I39: 124.5895 | J39: 125.65118 | K39: 117.36414 | L39: 122.67198 | M39: 123.53411 | N39: 122.11483 | O39: 128.11413 | P39: 118.6593 | Q39: 125.89975 | R39: 119.87211 | S39: 126.46821 | T39: 107.14081 | U39: 107.9804 | V39: 124.4332 | W39: 119.00313 | X39: 115.22449 | Y39: 117.1946 | Z39: 125.21952 | AA39: 113.58454 | AB39: 117.65487 | AC39: 119.27133 | AD39: 118.72549 | AE39: 112.68445 | AF39: 123.44165 | AG39: 125.3225 | AH39: 124.56168 | AI39: 124.43907 | AJ39: 110.29271 | AK39: 124.70903 | AL39: 113.22717 | AM39: 113.80605 | AN39: 124.41221 | AO39: 112.46678 | AP39: 106.23558 | AQ39: 106.6982 | AR39: 126.66671 | AS39: 120.8402 | AT39: 117.80433 | AU39: 124.96057 | AV39: 119.80323 | AW39: 113.35622 | AX39: 113.97475 | AY39: 127.33312 | AZ39: 117.73575 | BA39: 117.37285 | BB39: 116.77479 | BC39: 117.0992 | BD39: 116.82427 | BE39: 117.34205 | BF39: 123.95959 | BG39: 125.11032 | BH39: 125.11032 | BI39: 125.11032 | BJ39: 114.24366 | BK39: 114.97926 | BL39: 123.63995 | BM39: 123.25952 | BN39: 117.62821 | BO39: 115.78923 | BP39: 123.76233 | BQ39: 110.24459 | BR39: 110.26101 | BS39: 119.15089 | BT39: 117.77721 | BU39: 118.21063 | BV39: 127.2213 | BW39: 124.32373 | BX39: 117.62357 | BY39: 117.62357 | BZ39: 126.49435 | CA39: 127.41184 | CB39: 117.72559 | CC39: 121.78494 | CD39: 120.80005 | CE39: 125.93372 | CF39: 117.68652 | CG39: 127.2213 | CH39: 117.25484 | CI39: 117.64495 | CJ39: 119.02239 | CK39: 131.31291 | CL39: 131.31291 | CM39: 127.99388 | CN39: 126.63245 | CO39: 128.21235 | CP39: 117.69509 | CQ39: 118.78289 | CR39: 122.74922 | CS39: 116.88763 | CT39: 114.90814 | CU39: 122.07947 | CV39: 119.83871 | CW39: 117.81797 | CX39: 128.70914 | CY39: 115.20224 | CZ39: 118.13461 | DA39: 118.37615 | DB39: 116.59739 | DC39: 126.3943 | DD39: 126.68805 | DE39: 124.32373 | DF39: 123.8081 | DG39: 117.11241 | DH39: 117.62357 | DI39: 119.14277 | DJ39: 125.00991 | DK39: 133.79301 | DL39: 124.80104 | DM39: 124.10783 | DN39: 116.39502 | DO39: 128.21251 | DP39: 126.87597 | DQ39: 122.78347 | DR39: 106.84047 | DS39: 126.7657 | DT39: 116.46073 | DU39: 116.91277 | DV39: 118.69746 | DW39: 125.12011 | DX39: 125.66126 | DY39: 114.00132 | DZ39: 107.57149 | EA39: 107.57149 | EB39: 113.76268 | EC39: 118.58257 | ED39: 118.82753 | EE39: 115.86813 | EF39: 116.44055 | EG39: 121.31868 | EH39: 117.8826 | EI39: 138.76214 | EJ39: 127.39311 | EK39: 127.39311 | EL39: 115.79106 | EM39: 123.97889 | EN39: 124.46046 | EO39: 124.32373 | EP39: 117.85954 | EQ39: 117.29509 | ER39: 128.2339 | ES39: 117.44362 | ET39: 117.70395 | EU39: 120.73089 | EV39: 114.89314 | EW39: 113.5998 | EX39: 115.87682 | EY39: 118.56151 | EZ39: 117.17388 | FA39: 114.34888 | FB39: 112.73322 | FC39: 116.52479 | FD39: 117.5265 | FE39: 117.94484 | FF39: 135.86052 | FG39: 119.38421 | FH39: 128.12226 | FI39: 118.98052 | FJ39: 157.60102 | FK39: 125.688 | FL39: 133.9152 | FM39: 111.83504 | FN39: 112.41743 | FO39: 116.29046 | FP39: 119.06328 | FQ39: 126.50978 | FR39: 126.08483 | FS39: 126.49435 | FT39: 123.26512 | FU39: 123.26512 | FV39: 134.40909 | FW39: 134.40909 | FX39: 132.9625 | FY39: 124.04086 | FZ39: 123.91191 | GA39: 112.62232 | GB39: 112.61257 | GC39: 121.58661 | GD39: 120.84461 | GE39: 121.37896 | GF39: 127.2213 | GG39: 127.2213 | GH39: 126.08894 | GI39: 113.54639 | GJ39: 123.97889 | GK39: 123.8081 | GL39: 128.52531 | GM39: 115.51853 | GN39: 128.52531 | GO39: 123.26512 | GP39: 118.42604 | GQ39: 123.41524 | GR39: 120.53168 | GS39: 115.72856 | GT39: 111.57284 | GU39: 118.97537 | GV39: 115.8422 | GW39: 126.05581 | GX39: 122.9455 | GY39: 123.78016 | GZ39: 123.54919 | HA39: 118.97537 | HB39: 118.97537 | HC39: 118.87069 | HD39: 123.41524 | HE39: 128.06013 | HF39: 128.2339 | HG39: 128.2339 | HH39: 128.2339 | HI39: 120.52039 | HJ39: 125.85896 | HK39: 125.55408 | HL39: 127.04271 | HM39: 126.39628 | HN39: 125.01852 | HO39: 113.30924 | HP39: 128.35524 | HQ39: 119.13349 | HR39: 119.47514 | HS39: 117.36018 | HT39: 116.09527 | HU39: 112.33125 | HV39: 109.6506 | HW39: 110.08267 | HX39: 118.96288 | HY39: 119.32436 | HZ39: 129.27608
A40: 46049.812 | B40: 128.16661 | C40: 121.4602 | D40: 121.99638 | E40: 121.82852 | F40: 121.64618 | G40: 118.28517 | H40: 126.26355 | I40: 125.61622 | J40: 126.76552 | K40: 117.59932 | L40: 123.96794 | M40: 124.48933 | N40: 122.95481 | O40: 129.61376 | P40: 119.99643 | Q40: 127.03717 | R40: 120.71966 | S40: 127.84169 | T40: 107.50737 | U40: 108.37686 | V40: 125.59527 | W40: 119.48111 | X40: 115.63472 | Y40: 117.64831 | Z40: 126.32445 | AA40: 113.9176 | AB40: 118.01165 | AC40: 119.75443 | AD40: 119.19054 | AE40: 113.08872 | AF40: 124.53821 | AG40: 126.47543 | AH40: 125.72595 | AI40: 125.59639 | AJ40: 110.80901 | AK40: 125.8821 | AL40: 113.53633 | AM40: 114.14784 | AN40: 125.52787 | AO40: 113.75129 | AP40: 106.39147 | AQ40: 106.87653 | AR40: 127.90311 | AS40: 121.72297 | AT40: 118.52019 | AU40: 126.07385 | AV40: 120.31986 | AW40: 113.66872 | AX40: 114.32612 | AY40: 128.67451 | AZ40: 118.0625 | BA40: 117.63065 | BB40: 116.98947 | BC40: 117.27766 | BD40: 116.97296 | BE40: 117.59266 | BF40: 125.03919 | BG40: 126.22785 | BH40: 126.22785 | BI40: 126.22785 | BJ40: 114.54774 | BK40: 115.32517 | BL40: 124.58508 | BM40: 124.17853 | BN40: 118.09892 | BO40: 116.23413 | BP40: 124.83498 | BQ40: 110.7234 | BR40: 110.7399 | BS40: 119.92986 | BT40: 118.52512 | BU40: 118.74302 | BV40: 128.54891 | BW40: 125.41478 | BX40: 118.15331 | BY40: 118.15331 | BZ40: 127.80403 | CA40: 128.81345 | CB40: 118.13138 | CC40: 122.71946 | CD40: 121.69628 | CE40: 127.11681 | CF40: 118.73004 | CG40: 128.54891 | CH40: 117.5156 | CI40: 117.95926 | CJ40: 119.85994 | CK40: 133.00777 | CL40: 133.00777 | CM40: 129.39326 | CN40: 127.88729 | CO40: 129.58977 | CP40: 118.27993 | CQ40: 119.58826 | CR40: 123.67227 | CS40: 117.31911 | CT40: 115.31309 | CU40: 123.59569 | CV40: 120.80787 | CW40: 118.25925 | CX40: 129.84486 | CY40: 115.61502 | CZ40: 118.74326 | DA40: 118.92582 | DB40: 117.20494 | DC40: 127.5966 | DD40: 127.90523 | DE40: 125.41478 | DF40: 124.87752 | DG40: 117.61744 | DH40: 118.15331 | DI40: 119.55927 | DJ40: 126.12656 | DK40: 135.26482 | DL40: 125.85542 | DM40: 125.12729 | DN40: 116.47649 | DO40: 129.61444 | DP40: 128.12754 | DQ40: 123.85213 | DR40: 107.18147 | DS40: 128.00649 | DT40: 116.6613 | DU40: 117.14171 | DV40: 119.25911 | DW40: 126.2525 | DX40: 126.82653 | DY40: 114.47813 | DZ40: 111.76335 | EA40: 111.76335 | EB40: 114.54733 | EC40: 119.52638 | ED40: 119.80266 | EE40: 116.30601 | EF40: 116.8852 | EG40: 121.4719 | EH40: 118.51845 | EI40: 139.98656 | EJ40: 128.6381 | EK40: 128.6381 | EL40: 116.25908 | EM40: 125.0543 | EN40: 125.55491 | EO40: 125.41478 | EP40: 118.20875 | EQ40: 118.15314 | ER40: 129.63437 | ES40: 117.75527 | ET40: 118.02906 | EU40: 121.24223 | EV40: 115.44928 | EW40: 114.35002 | EX40: 116.34117 | EY40: 120.03404 | EZ40: 117.78057 | FA40: 114.85505 | FB40: 113.20483 | FC40: 117.22996 | FD40: 118.20675 | FE40: 118.61481 | FF40: 136.93922 | FG40: 120.35785 | FH40: 129.48561 | FI40: 119.41058 | FJ40: 158.95432 | FK40: 126.74853 | FL40: 135.27651 | FM40: 111.66904 | FN40: 112.28825 | FO40: 116.72416 | FP40: 119.89678 | FQ40: 127.81962 | FR40: 127.37643 | FS40: 127.80403 | FT40: 124.31325 | FU40: 124.31325 | FV40: 135.20021 | FW40: 135.20021 | FX40: 133.68364 | FY40: 125.06579 | FZ40: 124.92674 | GA40: 113.3587 | GB40: 113.304 | GC40: 122.28939 | GD40: 121.74996 | GE40: 122.36575 | GF40: 128.54891 | GG40: 128.54891 | GH40: 127.31859 | GI40: 113.87738 | GJ40: 125.0543 | GK40: 124.87752 | GL40: 129.65941 | GM40: 115.52235 | GN40: 129.65941 | GO40: 124.31325 | GP40: 118.74713 | GQ40: 124.47567 | GR40: 121.63341 | GS40: 116.11344 | GT40: 111.95408 | GU40: 119.38715 | GV40: 116.42878 | GW40: 127.13823 | GX40: 123.97228 | GY40: 124.85734 | GZ40: 124.61136 | HA40: 119.38715 | HB40: 119.38715 | HC40: 119.27732 | HD40: 124.47567 | HE40: 129.44648 | HF40: 129.63437 | HG40: 129.63437 | HH40: 129.63437 | HI40: 121.57868 | HJ40: 127.06195 | HK40: 126.73269 | HL40: 128.84034 | HM40: 127.56867 | HN40: 126.09639 | HO40: 113.31298 | HP40: 129.75954 | HQ40: 119.61398 | HR40: 119.97437 | HS40: 118.16967 | HT40: 116.5047 | HU40: 112.88944 | HV40: 109.93926 | HW40: 110.39107 | HX40: 120.25189 | HY40: 119.81526 | HZ40: 130.77639
A41: 46049.833 | B41: 128.47845 | C41: 121.69024 | D41: 122.22186 | E41: 122.05965 | F41: 121.87637 | G41: 118.3347 | H41: 126.36064 | I41: 125.7035 | J41: 126.8669 | K41: 117.66127 | L41: 124.13827 | M41: 124.60141 | N41: 123.01004 | O41: 129.80666 | P41: 120.23992 | Q41: 127.1201 | R41: 120.71815 | S41: 128.06831 | T41: 108.19088 | U41: 109.04924 | V41: 125.85503 | W41: 119.60064 | X41: 115.77301 | Y41: 117.77987 | Z41: 126.57764 | AA41: 114.03031 | AB41: 118.08289 | AC41: 119.9059 | AD41: 119.30681 | AE41: 113.35666 | AF41: 124.79444 | AG41: 126.73097 | AH41: 125.95436 | AI41: 125.84783 | AJ41: 111.04779 | AK41: 126.14199 | AL41: 113.65139 | AM41: 114.26351 | AN41: 125.70295 | AO41: 113.93141 | AP41: 106.67182 | AQ41: 107.15753 | AR41: 128.08709 | AS41: 121.8486 | AT41: 118.64312 | AU41: 126.20812 | AV41: 120.4617 | AW41: 114.33194 | AX41: 114.95384 | AY41: 129.02766 | AZ41: 118.18734 | BA41: 117.73023 | BB41: 117.08625 | BC41: 117.37622 | BD41: 117.0269 | BE41: 117.69211 | BF41: 125.19942 | BG41: 126.35728 | BH41: 126.35728 | BI41: 126.35728 | BJ41: 114.67763 | BK41: 115.45471 | BL41: 124.84743 | BM41: 124.43442 | BN41: 118.1873 | BO41: 116.33582 | BP41: 124.90103 | BQ41: 110.98106 | BR41: 110.9976 | BS41: 120.01908 | BT41: 118.75617 | BU41: 118.82394 | BV41: 128.91797 | BW41: 125.56485 | BX41: 118.23383 | BY41: 118.23383 | BZ41: 127.94876 | CA41: 128.8131 | CB41: 118.23797 | CC41: 122.70032 | CD41: 121.68695 | CE41: 127.06261 | CF41: 118.84777 | CG41: 128.91797 | CH41: 117.66253 | CI41: 118.08826 | CJ41: 119.9842 | CK41: 133.34146 | CL41: 133.34146 | CM41: 129.69778 | CN41: 128.34035 | CO41: 130.01709 | CP41: 118.69627 | CQ41: 119.82021 | CR41: 123.90121 | CS41: 117.36896 | CT41: 115.41985 | CU41: 124.21276 | CV41: 121.05421 | CW41: 118.38426 | CX41: 130.10511 | CY41: 115.71416 | CZ41: 118.84694 | DA41: 119.03451 | DB41: 117.32789 | DC41: 127.71704 | DD41: 128.00553 | DE41: 125.56485 | DF41: 125.04163 | DG41: 117.71172 | DH41: 118.23383 | DI41: 119.64517 | DJ41: 126.25898 | DK41: 135.26445 | DL41: 125.9185 | DM41: 125.19782 | DN41: 116.51273 | DO41: 129.91549 | DP41: 128.42763 | DQ41: 124.10681 | DR41: 107.40809 | DS41: 128.30213 | DT41: 116.76137 | DU41: 117.24153 | DV41: 119.55492 | DW41: 126.39099 | DX41: 126.96127 | DY41: 114.48919 | DZ41: 111.89758 | EA41: 111.89758 | EB41: 114.88305 | EC41: 119.6424 | ED41: 119.91477 | EE41: 116.47917 | EF41: 117.04039 | EG41: 121.12789 | EH41: 118.93415 | EI41: 140.26714 | EJ41: 128.83685 | EK41: 128.83685 | EL41: 116.35482 | EM41: 125.21124 | EN41: 125.69779 | EO41: 125.56485 | EP41: 118.2457 | EQ41: 118.30354 | ER41: 129.93324 | ES41: 117.87923 | ET41: 118.15379 | EU41: 121.38982 | EV41: 115.62796 | EW41: 114.53932 | EX41: 116.48276 | EY41: 120.63332 | EZ41: 117.82171 | FA41: 115.20114 | FB41: 113.4943 | FC41: 117.7923 | FD41: 118.66346 | FE41: 119.02753 | FF41: 137.22442 | FG41: 120.59371 | FH41: 129.77092 | FI41: 119.53053 | FJ41: 159.72021 | FK41: 127.00941 | FL41: 135.3321 | FM41: 111.66997 | FN41: 112.29542 | FO41: 116.85109 | FP41: 120.02226 | FQ41: 127.96437 | FR41: 127.52702 | FS41: 127.94876 | FT41: 124.50034 | FU41: 124.50034 | FV41: 134.83704 | FW41: 134.83704 | FX41: 133.32292 | FY41: 125.14906 | FZ41: 125.01359 | GA41: 113.62164 | GB41: 113.45094 | GC41: 122.71757 | GD41: 121.74095 | GE41: 122.62408 | GF41: 128.91797 | GG41: 128.91797 | GH41: 127.49078 | GI41: 113.98997 | GJ41: 125.21124 | GK41: 125.04163 | GL41: 129.91929 | GM41: 115.221 | GN41: 129.91929 | GO41: 124.50034 | GP41: 118.7967 | GQ41: 124.67535 | GR41: 121.69743 | GS41: 116.23006 | GT41: 112.21173 | GU41: 119.46022 | GV41: 116.46698 | GW41: 127.75083 | GX41: 124.14693 | GY41: 125.03485 | GZ41: 124.78702 | HA41: 119.46022 | HB41: 119.46022 | HC41: 119.34746 | HD41: 124.67535 | HE41: 129.74419 | HF41: 129.93324 | HG41: 129.93324 | HH41: 129.93324 | HI41: 121.79561 | HJ41: 127.22324 | HK41: 126.87713 | HL41: 128.92186 | HM41: 127.67465 | HN41: 126.39866 | HO41: 113.0174 | HP41: 130.04015 | HQ41: 119.75862 | HR41: 120.11973 | HS41: 118.51605 | HT41: 116.63323 | HU41: 113.28681 | HV41: 110.17659 | HW41: 110.63452 | HX41: 120.57794 | HY41: 119.97214 | HZ41: 131.07393
... A49: 46049.999 | B49: 106.01554 | C49: 99.647011 | D49: 99.986873 | E49: 99.876956 | F49: 99.800389 | G49: 100.74833 | H49: 106.35983 | I49: 106.00771 | J49: 106.61904 | K49: 100.59816 | L49: 101.37058 | M49: 103.16333 | N49: 101.60663 | O49: 106.67602 | P49: 98.928095 | Q49: 106.63127 | R49: 100.26221 | S49: 105.13909 | T49: 91.481708 | U49: 92.229581 | V49: 103.87581 | W49: 101.22461 | X49: 97.857884 | Y49: 99.646784 | Z49: 105.5382 | AA49: 96.37851 | AB49: 101.20183 | AC49: 101.1648 | AD49: 100.97938 | AE49: 95.307078 | AF49: 102.63975 | AG49: 104.23483 | AH49: 103.42409 | AI49: 103.51541 | AJ49: 94.02248 | AK49: 104.12039 | AL49: 96.065433 | AM49: 96.576812 | AN49: 105.11617 | AO49: 96.30568 | AP49: 89.613041 | AQ49: 90.017373 | AR49: 106.92311 | AS49: 100.79679 | AT49: 98.092839 | AU49: 104.58226 | AV49: 101.5499 | AW49: 98.107882 | AX49: 98.419051 | AY49: 106.4027 | AZ49: 100.2912 | BA49: 100.14588 | BB49: 99.612703 | BC49: 99.980819 | BD49: 99.969788 | BE49: 100.12502 | BF49: 104.22137 | BG49: 104.60175 | BH49: 104.60175 | BI49: 104.60175 | BJ49: 97.25132 | BK49: 97.803177 | BL49: 104.22923 | BM49: 103.89016 | BN49: 101.62543 | BO49: 99.380328 | BP49: 103.27977 | BQ49: 94.074589 | BR49: 94.088606 | BS49: 100.50404 | BT49: 98.473537 | BU49: 102.58639 | BV49: 106.37767 | BW49: 105.15869 | BX49: 102.07693 | BY49: 102.07693 | BZ49: 103.1189 | CA49: 103.51167 | CB49: 101.53609 | CC49: 101.17872 | CD49: 100.69523 | CE49: 102.54394 | CF49: 99.816022 | CG49: 106.37767 | CH49: 99.910765 | CI49: 100.21937 | CJ49: 101.11125 | CK49: 108.09548 | CL49: 108.09548 | CM49: 106.75044 | CN49: 106.2461 | CO49: 107.39522 | CP49: 100.29886 | CQ49: 99.368884 | CR49: 102.68267 | CS49: 98.738203 | CT49: 97.980554 | CU49: 106.19123 | CV49: 99.156537 | CW49: 99.930771 | CX49: 108.47934 | CY49: 97.413614 | CZ49: 100.59723 | DA49: 100.75315 | DB49: 101.07651 | DC49: 106.93029 | DD49: 107.19096 | DE49: 105.15869 | DF49: 104.736 | DG49: 101.47528 | DH49: 102.07693 | DI49: 101.28822 | DJ49: 105.80901 | DK49: 108.69584 | DL49: 103.82845 | DM49: 103.50809 | DN49: 99.743861 | DO49: 106.94855 | DP49: 106.23805 | DQ49: 102.64398 | DR49: 90.954515 | DS49: 106.16032 | DT49: 99.330276 | DU49: 99.734486 | DV49: 100.8631 | DW49: 105.66187 | DX49: 105.96442 | DY49: 95.154397 | DZ49: 94.118625 | EA49: 94.118625 | EB49: 95.853635 | EC49: 100.80544 | ED49: 101.02803 | EE49: 98.597624 | EF49: 99.050273 | EG49: 95.345836 | EH49: 100.34354 | EI49: 116.95226 | EJ49: 107.63259 | EK49: 107.63259 | EL49: 98.368587 | EM49: 104.88254 | EN49: 105.2929 | EO49: 105.15869 | EP49: 99.647801 | EQ49: 100.54686 | ER49: 106.96498 | ES49: 100.2912 | ET49: 100.2912 | EU49: 102.31679 | EV49: 97.683327 | EW49: 96.909287 | EX49: 98.508518 | EY49: 103.13112 | EZ49: 97.56691 | FA49: 96.489383 | FB49: 95.293034 | FC49: 99.839421 | FD49: 100.16876 | FE49: 100.30666 | FF49: 113.23141 | FG49: 98.654024 | FH49: 107.03583 | FI49: 101.06929 | FJ49: 132.42155 | FK49: 105.85444 | FL49: 110.52307 | FM49: 96.467876 | FN49: 96.875879 | FO49: 98.872484 | FP49: 101.13894 | FQ49: 103.13148 | FR49: 102.88724 | FS49: 103.1189 | FT49: 104.33961 | FU49: 104.33961 | FV49: 101.09613 | FW49: 101.09613 | FX49: 100.44779 | FY49: 103.72031 | FZ49: 103.6445 | GA49: 98.783507 | GB49: 98.434099 | GC49: 103.39437 | GD49: 100.70457 | GE49: 101.57506 | GF49: 106.37767 | GG49: 106.37767 | GH49: 106.35861 | GI49: 96.344676 | GJ49: 104.88254 | GK49: 104.736 | GL49: 108.32441 | GM49: 92.861789 | GN49: 108.32441 | GO49: 104.33961 | GP49: 100.94338 | GQ49: 104.47851 | GR49: 102.55639 | GS49: 98.301114 | GT49: 94.293395 | GU49: 101.30533 | GV49: 96.971216 | GW49: 105.91623 | GX49: 103.69331 | GY49: 104.61787 | GZ49: 104.45792 | HA49: 101.30533 | HB49: 101.30533 | HC49: 101.30533 | HD49: 104.47851 | HE49: 106.78955 | HF49: 106.96498 | HG49: 106.96498 | HH49: 106.96498 | HI49: 99.582206 | HJ49: 105.90819 | HK49: 105.59032 | HL49: 105.0566 | HM49: 107.11384 | HN49: 105.047 | HO49: 91.085807 | HP49: 107.11345 | HQ49: 100.98089 | HR49: 101.27084 | HS49: 98.885296 | HT49: 98.67386 | HU49: 95.727839 | HV49: 92.322819 | HW49: 92.785424 | HX49: 99.34737 | HY49: 101.19882 | HZ49: 107.76427

Sheet Resultado
A1: SANTA ROSA 220 A | B1: TRUJILLO 220 | C1: SOCABAYA 220 | D1: CAMPO ARMINO 220 | E1: FILA | F1: SANTA ROSA 220 | G1: TRUJILLO 220 | H1: SOCABAYA 220 | I1: CAMPO ARMIÑO 220 | J1: Dólar | K1: 3.34
A2: =+HLOOKUP($A$1,'Hoja de Trabajo'!$B$1:$ID$49,E2,) -> 23.7613 | B2: =+HLOOKUP($B$1,'Hoja de Trabajo'!$B$1:$ID$49,E2,) -> 24.8868 | C2: =+HLOOKUP($C$1,'Hoja de Trabajo'!$B$1:$ID$49,E2,) -> 25.3056 | D2: =+HLOOKUP($D$1,'Hoja de Trabajo'!$B$1:$ID$49,E2,) -> 22.802 | E2: =+ROW() -> 2 | F2: =+HLOOKUP($F$1,IEOD!$B$1:$IK$49,Resultado!E2,)/$K$1 -> 29.830321 | G2: =+HLOOKUP($G$1,IEOD!$B$1:$IK$49,E2,)/$K$1 -> 30.839095 | H2: =+HLOOKUP($H$1,IEOD!$B$1:$IK$49,E2,)/$K$1 -> 30.946082 | I2: =+HLOOKUP($I$1,IEOD!$B$1:$IK$49,E2,)/$K$1 -> 28.450672
A3: =+HLOOKUP($A$1,'Hoja de Trabajo'!$B$1:$ID$49,E3,) -> 21.4425 | B3: =+HLOOKUP($B$1,'Hoja de Trabajo'!$B$1:$ID$49,E3,) -> 22.3733 | C3: =+HLOOKUP($C$1,'Hoja de Trabajo'!$B$1:$ID$49,E3,) -> 22.7875 | D3: =+HLOOKUP($D$1,'Hoja de Trabajo'!$B$1:$ID$49,E3,) -> 20.5759 | E3: =+ROW() -> 3 | F3: =+HLOOKUP($F$1,IEOD!$B$1:$IK$49,Resultado!E3,)/$K$1 -> 30.132831 | G3: =+HLOOKUP($G$1,IEOD!$B$1:$IK$49,E3,)/$K$1 -> 31.088727 | H3: =+HLOOKUP($H$1,IEOD!$B$1:$IK$49,E3,)/$K$1 -> 31.257579 | I3: =+HLOOKUP($I$1,IEOD!$B$1:$IK$49,E3,)/$K$1 -> 28.720155
A4: =+HLOOKUP($A$1,'Hoja de Trabajo'!$B$1:$ID$49,E4,) -> 23.4915 | B4: =+HLOOKUP($B$1,'Hoja de Trabajo'!$B$1:$ID$49,E4,) -> 24.4991 | C4: =+HLOOKUP($C$1,'Hoja de Trabajo'!$B$1:$ID$49,E4,) -> 24.9995 | D4: =+HLOOKUP($D$1,'Hoja de Trabajo'!$B$1:$ID$49,E4,) -> 22.5544 | E4: =+ROW() -> 4 | F4: =+HLOOKUP($F$1,IEOD!$B$1:$IK$49,Resultado!E4,)/$K$1 -> 29.719367 | G4: =+HLOOKUP($G$1,IEOD!$B$1:$IK$49,E4,)/$K$1 -> 30.659884 | H4: =+HLOOKUP($H$1,IEOD!$B$1:$IK$49,E4,)/$K$1 -> 30.764926 | I4: =+HLOOKUP($I$1,IEOD!$B$1:$IK$49,E4,)/$K$1 -> 28.363356
A5: =+HLOOKUP($A$1,'Hoja de Trabajo'!$B$1:$ID$49,E5,) -> 23.6328 | B5: =+HLOOKUP($B$1,'Hoja de Trabajo'!$B$1:$ID$49,E5,) -> 24.6348 | C5: =+HLOOKUP($C$1,'Hoja de Trabajo'!$B$1:$ID$49,E5,) -> 25.1908 | D5: =+HLOOKUP($D$1,'Hoja de Trabajo'!$B$1:$ID$49,E5,) -> 22.7072 | E5: =+ROW() -> 5 | F5: =+HLOOKUP($F$1,IEOD!$B$1:$IK$49,Resultado!E5,)/$K$1 -> 29.827018 | G5: =+HLOOKUP($G$1,IEOD!$B$1:$IK$49,E5,)/$K$1 -> 30.751639 | H5: =+HLOOKUP($H$1,IEOD!$B$1:$IK$49,E5,)/$K$1 -> 30.990378 | I5: =+HLOOKUP($I$1,IEOD!$B$1:$IK$49,E5,)/$K$1 -> 28.461466
A6: =+HLOOKUP($A$1,'Hoja de Trabajo'!$B$1:$ID$49,E6,) -> 3.6412 | B6: =+HLOOKUP($B$1,'Hoja de Trabajo'!$B$1:$ID$49,E6,) -> 3.7948 | C6: =+HLOOKUP($C$1,'Hoja de Trabajo'!$B$1:$ID$49,E6,) -> 3.8824 | D6: =+HLOOKUP($D$1,'Hoja de Trabajo'!$B$1:$ID$49,E6,) -> 3.5016 | E6: =+ROW() -> 6 | F6: =+HLOOKUP($F$1,IEOD!$B$1:$IK$49,Resultado!E6,)/$K$1 -> 29.748595 | G6: =+HLOOKUP($G$1,IEOD!$B$1:$IK$49,E6,)/$K$1 -> 30.676111 | H6: =+HLOOKUP($H$1,IEOD!$B$1:$IK$49,E6,)/$K$1 -> 30.907997 | I6: =+HLOOKUP($I$1,IEOD!$B$1:$IK$49,E6,)/$K$1 -> 28.444359
A7: =+HLOOKUP($A$1,'Hoja de Trabajo'!$B$1:$ID$49,E7,) -> 21.4114 | B7: =+HLOOKUP($B$1,'Hoja de Trabajo'!$B$1:$ID$49,E7,) -> 22.2882 | C7: =+HLOOKUP($C$1,'Hoja de Trabajo'!$B$1:$ID$49,E7,) -> 22.8323 | D7: =+HLOOKUP($D$1,'Hoja de Trabajo'!$B$1:$ID$49,E7,) -> 20.5867 | E7: =+ROW() -> 7 | F7: =+HLOOKUP($F$1,IEOD!$B$1:$IK$49,Resultado!E7,)/$K$1 -> 29.703093 | G7: =+HLOOKUP($G$1,IEOD!$B$1:$IK$49,E7,)/$K$1 -> 30.539321 | H7: =+HLOOKUP($H$1,IEOD!$B$1:$IK$49,E7,)/$K$1 -> 30.947897 | I7: =+HLOOKUP($I$1,IEOD!$B$1:$IK$49,E7,)/$K$1 -> 28.348904
A8: =+HLOOKUP($A$1,'Hoja de Trabajo'!$B$1:$ID$49,E8,) -> 1.8589 | B8: =+HLOOKUP($B$1,'Hoja de Trabajo'!$B$1:$ID$49,E8,) -> 1.9371 | C8: =+HLOOKUP($C$1,'Hoja de Trabajo'!$B$1:$ID$49,E8,) -> 1.9846 | D8: =+HLOOKUP($D$1,'Hoja de Trabajo'!$B$1:$ID$49,E8,) -> 1.7889 | E8: =+ROW() -> 8 | F8: =+HLOOKUP($F$1,IEOD!$B$1:$IK$49,Resultado!E8,)/$K$1 -> 29.692276 | G8: =+HLOOKUP($G$1,IEOD!$B$1:$IK$49,E8,)/$K$1 -> 30.51867 | H8: =+HLOOKUP($H$1,IEOD!$B$1:$IK$49,E8,)/$K$1 -> 30.878085 | I8: =+HLOOKUP($I$1,IEOD!$B$1:$IK$49,E8,)/$K$1 -> 28.309783
A9: =+HLOOKUP($A$1,'Hoja de Trabajo'!$B$1:$ID$49,E9,) -> 1.8581 | B9: =+HLOOKUP($B$1,'Hoja de Trabajo'!$B$1:$ID$49,E9,) -> 1.9366 | C9: =+HLOOKUP($C$1,'Hoja de Trabajo'!$B$1:$ID$49,E9,) -> 1.984 | D9: =+HLOOKUP($D$1,'Hoja de Trabajo'!$B$1:$ID$49,E9,) -> 1.7882 | E9: =+ROW() -> 9 | F9: =+HLOOKUP($F$1,IEOD!$B$1:$IK$49,Resultado!E9,)/$K$1 -> 29.802755 | G9: =+HLOOKUP($G$1,IEOD!$B$1:$IK$49,E9,)/$K$1 -> 30.62763 | H9: =+HLOOKUP($H$1,IEOD!$B$1:$IK$49,E9,)/$K$1 -> 30.88705 | I9: =+HLOOKUP($I$1,IEOD!$B$1:$IK$49,E9,)/$K$1 -> 28.383183
A10: =+HLOOKUP($A$1,'Hoja de Trabajo'!$B$1:$ID$49,E10,) -> 3.6394 | B10: =+HLOOKUP($B$1,'Hoja de Trabajo'!$B$1:$ID$49,E10,) -> 3.789 | C10: =+HLOOKUP($C$1,'Hoja de Trabajo'!$B$1:$ID$49,E10,) -> 3.8834 | D10: =+HLOOKUP($D$1,'Hoja de Trabajo'!$B$1:$ID$49,E10,) -> 3.5002 | E10: =+ROW() -> 10 | F10: =+HLOOKUP($F$1,IEOD!$B$1:$IK$49,Resultado!E10,)/$K$1 -> 25.739655 | G10: =+HLOOKUP($G$1,IEOD!$B$1:$IK$49,E10,)/$K$1 -> 26.477468 | H10: =+HLOOKUP($H$1,IEOD!$B$1:$IK$49,E10,)/$K$1 -> 26.663686 | I10: =+HLOOKUP($I$1,IEOD!$B$1:$IK$49,E10,)/$K$1 -> 24.485094
A11: =+HLOOKUP($A$1,'Hoja de Trabajo'!$B$1:$ID$49,E11,) -> 1.8572 | B11: =+HLOOKUP($B$1,'Hoja de Trabajo'!$B$1:$ID$49,E11,) -> 1.9323 | C11: =+HLOOKUP($C$1,'Hoja de Trabajo'!$B$1:$ID$49,E11,) -> 1.9801 | D11: =+HLOOKUP($D$1,'Hoja de Trabajo'!$B$1:$ID$49,E11,) -> 1.7857 | E11: =+ROW() -> 11 | F11: =+HLOOKUP($F$1,IEOD!$B$1:$IK$49,Resultado!E11,)/$K$1 -> 25.58732 | G11: =+HLOOKUP($G$1,IEOD!$B$1:$IK$49,E11,)/$K$1 -> 26.332839 | H11: =+HLOOKUP($H$1,IEOD!$B$1:$IK$49,E11,)/$K$1 -> 26.4846 | I11: =+HLOOKUP($I$1,IEOD!$B$1:$IK$49,E11,)/$K$1 -> 24.384239
A12: =+HLOOKUP($A$1,'Hoja de Trabajo'!$B$1:$ID$49,E12,) -> 21.4568 | B12: =+HLOOKUP($B$1,'Hoja de Trabajo'!$B$1:$ID$49,E12,) -> 22.3795 | C12: =+HLOOKUP($C$1,'Hoja de Trabajo'!$B$1:$ID$49,E12,) -> 22.937 | D12: =+HLOOKUP($D$1,'Hoja de Trabajo'!$B$1:$ID$49,E12,) -> 20.6448 | E12: =+ROW() -> 12 | F12: =+HLOOKUP($F$1,IEOD!$B$1:$IK$49,Resultado!E12,)/$K$1 -> 24.74334 | G12: =+HLOOKUP($G$1,IEOD!$B$1:$IK$49,E12,)/$K$1 -> 25.452372 | H12: =+HLOOKUP($H$1,IEOD!$B$1:$IK$49,E12,)/$K$1 -> 25.628722 | I12: =+HLOOKUP($I$1,IEOD!$B$1:$IK$49,E12,)/$K$1 -> 23.567072
A13: =+HLOOKUP($A$1,'Hoja de Trabajo'!$B$1:$ID$49,E13,) -> 22.7363 | B13: =+HLOOKUP($B$1,'Hoja de Trabajo'!$B$1:$ID$49,E13,) -> 23.7268 | C13: =+HLOOKUP($C$1,'Hoja de Trabajo'!$B$1:$ID$49,E13,) -> 24.2056 | D13: =+HLOOKUP($D$1,'Hoja de Trabajo'!$B$1:$ID$49,E13,) -> 21.8447 | E13: =+ROW() -> 13 | F13: =+HLOOKUP($F$1,IEOD!$B$1:$IK$49,Resultado!E13,)/$K$1 -> 25.622142 | G13: =+HLOOKUP($G$1,IEOD!$B$1:$IK$49,E13,)/$K$1 -> 26.391951 | H13: =+HLOOKUP($H$1,IEOD!$B$1:$IK$49,E13,)/$K$1 -> 26.518819 | I13: =+HLOOKUP($I$1,IEOD!$B$1:$IK$49,E13,)/$K$1 -> 24.448134
... A49: =+HLOOKUP($A$1,'Hoja de Trabajo'!$B$1:$ID$49,E49,) -> 24.37 | B49: =+HLOOKUP($B$1,'Hoja de Trabajo'!$B$1:$ID$49,E49,) -> 25.3705 | C49: =+HLOOKUP($C$1,'Hoja de Trabajo'!$B$1:$ID$49,E49,) -> 26.0961 | D49: =+HLOOKUP($D$1,'Hoja de Trabajo'!$B$1:$ID$49,E49,) -> 23.4175 | E49: =+ROW() -> 49 | F49: =+HLOOKUP($F$1,IEOD!$B$1:$IK$49,Resultado!E49,)/$K$1 -> 30.330937 | G49: =+HLOOKUP($G$1,IEOD!$B$1:$IK$49,E49,)/$K$1 -> 31.451198 | H49: =+HLOOKUP($H$1,IEOD!$B$1:$IK$49,E49,)/$K$1 -> 31.274826 | I49: =+HLOOKUP($I$1,IEOD!$B$1:$IK$49,E49,)/$K$1 -> 28.855841
